Category,Technology
Ad Servers,24-7 Media
Ad Servers,Adform
Ad Servers,Adzerk
Ad Servers,Altitude ARENA
Ad Servers,Atlas by Facebook
Ad Servers,DoubleClick
Ad Servers,E-planning
Ad Servers,Emediate
Ad Servers,Epom
Ad Servers,FreeWheel
Ad Servers,MicroAd
Ad Servers,Sizmek (MediaMind)
Ad Servers,Smart AdServer
Ad Servers,Switch Concepts
Ad Servers,Weborama
Advertising Networks,3XChange
Advertising Networks,41Ads
Advertising Networks,Ad Dynamo
Advertising Networks,Adara
Advertising Networks,Adconion
Advertising Networks,Adgoal
Advertising Networks,Adition Technologies - Advertisers
Advertising Networks,AdParlor
Advertising Networks,Advertising.com
Advertising Networks,Baidu Ads
Advertising Networks,Bidtellect
Advertising Networks,Bing Ads
Advertising Networks,BlogHer
Advertising Networks,Boo-box
Advertising Networks,Carbon
Advertising Networks,Chitika
Advertising Networks,Clicksor
Advertising Networks,Collective Media
Advertising Networks,Complex Media Network
Advertising Networks,Conversant (ValueClick)
Advertising Networks,CPMStar
Advertising Networks,CPX Interactive
Advertising Networks,Cross Pixel Media
Advertising Networks,Datonics
Advertising Networks,DoubleClick Conversion
Advertising Networks,Dstillery
Advertising Networks,Ezakus
Advertising Networks,FederatedMedia
Advertising Networks,Flashtalking
Advertising Networks,Flite
Advertising Networks,Fluid Ads
Advertising Networks,ForensIQ
Advertising Networks,Glam Media
Advertising Networks,Google AdSense
Advertising Networks,Google AdSense for Domains
Advertising Networks,Google AdWords Conversion
Advertising Networks,Gorilla Nation
Advertising Networks,Gumgum
Advertising Networks,HasOffers
Advertising Networks,Hi-Media Performance
Advertising Networks,IndustryBrains
Advertising Networks,Infolinks
Advertising Networks,Integral Ad Science
Advertising Networks,Intent Media
Advertising Networks,Interclick (Genome by Yahoo)
Advertising Networks,Kiosked
Advertising Networks,Kontera
Advertising Networks,LifeStreet Media
Advertising Networks,Ligatus
Advertising Networks,Linkedin Marketing Solutions
Advertising Networks,MagnetVideo
Advertising Networks,Marchex
Advertising Networks,MediaLets
Advertising Networks,Moat
Advertising Networks,Onscroll
Advertising Networks,OwnerIQ
Advertising Networks,ProclivityMedia
Advertising Networks,Quartic
Advertising Networks,ReactX
Advertising Networks,redvertisement
Advertising Networks,Respond
Advertising Networks,Right Media (Yahoo Ads)
Advertising Networks,Say Media
Advertising Networks,Scupio
Advertising Networks,SiteScout
Advertising Networks,Specific Media
Advertising Networks,Technorati
Advertising Networks,Tradedoubler
Advertising Networks,TribalFusion
Advertising Networks,TripleLift
Advertising Networks,Twitter Advertising
Advertising Networks,Undertone
Advertising Networks,ValueClick Mediaplex
Advertising Networks,Vibrant Media
Advertising Networks,Viewable Media (Visable Measures)
Advertising Networks,WebSpectator
Advertising Networks,Wider Planet
Advertising Networks,Yahoo Ad Manager
Advertising Networks,YieldBot
Advertising Networks,Znaptag
Advertising Networks,Groundtruth
Advertising Networks,Choozle
Affiliate Advertising Network,AdBay
Affiliate Advertising Network,AdPilot
Affiliate Advertising Network,Affiliate Window
Affiliate Advertising Network,Affilinet
Affiliate Advertising Network,Amazon Associates
Affiliate Advertising Network,AvantLink
Affiliate Advertising Network,Commission Junction
Affiliate Advertising Network,ContentClick
Affiliate Advertising Network,Deqwas
Affiliate Advertising Network,Impact Radius
Affiliate Advertising Network,Linkshare
Affiliate Advertising Network,Opt-Intelligence
Affiliate Advertising Network,Postpresso
Affiliate Advertising Network,RewardStyle
Affiliate Advertising Network,ShareASale
Affiliate Advertising Network,SkimLinks
Affiliate Advertising Network,Vantage Media
Affiliate Advertising Network,VigLink
Affiliate Advertising Network,Webgains
Affiliate Advertising Network,Yieldkit
Affiliate Advertising Network,Zanox
Affiliate Advertising Network,Amazon 1P
Affiliate Advertising Network,Awin
Affiliate Advertising Network,Partnerize
Affiliate Advertising Network,Refersion
Analytics and Tracking,KNIME
Analytics and Tracking,Alteryx
Analytics and Tracking,AdMetrics
Analytics and Tracking,Adometry (Google)
Analytics and Tracking,Amplitude
Analytics and Tracking,AT Internet
Analytics and Tracking,AvantMetrics
Analytics and Tracking,C3 Metrics
Analytics and Tracking,Chartbeat
Analytics and Tracking,ClearSaleing (eBay Enterprise)
Analytics and Tracking,Clickdensity
Analytics and Tracking,ClickTale
Analytics and Tracking,Clicky
Analytics and Tracking,Compete
Analytics and Tracking,comScore
Analytics and Tracking,Convertro (AOL)
Analytics and Tracking,Coremetrics
Analytics and Tracking,CrazyEgg
Analytics and Tracking,DC Storm
Analytics and Tracking,Decibel Insight
Analytics and Tracking,DemandBase
Analytics and Tracking,Demandware Analytics
Analytics and Tracking,DeviceAtlas
Analytics and Tracking,Drawbridge
Analytics and Tracking,Eaglestats
Analytics and Tracking,Econda
Analytics and Tracking,Effective Measure
Analytics and Tracking,Etracker
Analytics and Tracking,eXTReMe Tracker
Analytics and Tracking,Facebook Conversion Tracking
Analytics and Tracking,Gauges
Analytics and Tracking,Google Analytics
Analytics and Tracking,GoSquared
Analytics and Tracking,HeapAnalytics
Analytics and Tracking,Histats
Analytics and Tracking,Hitslink
Analytics and Tracking,Hotjar
Analytics and Tracking,IAPPS
Analytics and Tracking,InsightExpress
Analytics and Tracking,Improvely
Analytics and Tracking,InsightExpress Flex
Analytics and Tracking,Inspectlet
Analytics and Tracking,Keen.io
Analytics and Tracking,KISSmetrics
Analytics and Tracking,Korrelate
Analytics and Tracking,KYA
Analytics and Tracking,Lucky Orange
Analytics and Tracking,Meetrics
Analytics and Tracking,Mint
Analytics and Tracking,Mixpanel
Analytics and Tracking,Motigo
Analytics and Tracking,MouseFlow
Analytics and Tracking,Nielsen NetRatings
Analytics and Tracking,Omniture (Adobe)
Analytics and Tracking,OpenTracker
Analytics and Tracking,Pathful
Analytics and Tracking,Performable
Analytics and Tracking,PHG
Analytics and Tracking,Piano Media
Analytics and Tracking,Piwik
Analytics and Tracking,Pmetrics
Analytics and Tracking,Prudsys
Analytics and Tracking,Quantcast
Analytics and Tracking,Radarstats
Analytics and Tracking,RealTracker
Analytics and Tracking,Reinvigorate
Analytics and Tracking,Segment.io
Analytics and Tracking,SessionCam
Analytics and Tracking,ShinyStat
Analytics and Tracking,Shop2Market
Analytics and Tracking,SiteMeter
Analytics and Tracking,Snoobi
Analytics and Tracking,Sophus 3 eMetrics
Analytics and Tracking,SpingMetrics
Analytics and Tracking,Spinnakr
Analytics and Tracking,StatCounter
Analytics and Tracking,SuperStats
Analytics and Tracking,Taboola Newsroom
Analytics and Tracking,Tapad
Analytics and Tracking,TeaLeaf
Analytics and Tracking,TopSpot
Analytics and Tracking,Totango
Analytics and Tracking,trak.io
Analytics and Tracking,Umbel
Analytics and Tracking,USERcycle
Analytics and Tracking,VisibleMeasures
Analytics and Tracking,Visual IQ
Analytics and Tracking,Visual Revenue
Analytics and Tracking,W3Counter
Analytics and Tracking,Walkme
Analytics and Tracking,Webtraxs
Analytics and Tracking,Webtrekk
Analytics and Tracking,Webtrends
Analytics and Tracking,whos.amung.us
Analytics and Tracking,Woopra
Analytics and Tracking,Wowanalytics
Analytics and Tracking,XiTi
Analytics and Tracking,Yahoo Analytics
Analytics and Tracking,Yandex Metrica
Analytics and Tracking,Zift Solutions
Analytics and Tracking,Looker
Analytics and Tracking,Sisense
Analytics and Tracking,Data Analytics
Analytics and Tracking,SAP Analytics Cloud
Analytics and Tracking,Databricks
Analytics and Tracking,Sumologic
Analytics and Tracking,ObservePoint
Analytics and Tracking,Salesforce CRM Analytics
Analytics and Tracking,Verint
Analytics and Tracking,Sprig
Analytics and Tracking,Loop11
Analytics and Tracking,ThreatMetrix
Analytics and Tracking,Sardine
Analytics and Tracking,LeadsPedia
Analytics and Tracking,ActiveProspect
Analytics and Tracking,Instantly
Appointment Scheduling,4PatientCare
Appointment Scheduling,AppointmentPlus
Appointment Scheduling,AVImark Rapport
Appointment Scheduling,eCentral
Appointment Scheduling,Front Desk Scheduling
Appointment Scheduling,Kicksite
Appointment Scheduling,Mindbody
Appointment Scheduling,Salon Ultimate
Appointment Scheduling,Schedulicity
Appointment Scheduling,Skedge.me
Appointment Scheduling,SolutionReach
Appointment Scheduling,SpeedRFP
Appointment Scheduling,STX Software
Appointment Scheduling,TimeTrade
Appointment Scheduling,Tula
Appointment Scheduling,Vagaro
Appointment Scheduling,Wodify
Appointment Scheduling,YouCanBook.me
Appointment Scheduling,Zen Planner
Appointment Scheduling,ZocDoc
CMS,Adobe Coldfusion
CMS,Adobe CQ
CMS,Advanced Solutions International (ASi)
CMS,Agility
CMS,Atex
CMS,Auctori
CMS,Auto Vitals
CMS,BaseKit
CMS,Bitrix
CMS,Blogger
CMS,BuddyPress
CMS,Buuteeq
CMS,Catylist SiteLink
CMS,Civic Plus
CMS,Clickability
CMS,ClickMotive
CMS,CM4All
CMS,Cobalt
CMS,Convio
CMS,CrownPeak
CMS,Dealer.com
CMS,DealerOn
CMS,DotNetNuke
CMS,DriverSide
CMS,Drupal
CMS,Ektron
CMS,EPiServer
CMS,Jazel
CMS,Jimdo
CMS,Joomla
CMS,Kentico
CMS,Kirra
CMS,Kukui
CMS,Liferay
CMS,ListingLab
CMS,LoopNet
CMS,Magnolia
CMS,Marqui
CMS,Microsoft Frontpage
CMS,Mono Solutions
CMS,MyCase
CMS,NationBuilder
CMS,NetSuite
CMS,Oracle Webcenter
CMS,Outsystems
CMS,Pantheon
CMS,PaperThin
CMS,Placester
CMS,SharePoint
CMS,SiteCore
CMS,Squarespace
CMS,Strikingly
CMS,Tumblr
CMS,TYPO3
CMS,vBulletin
CMS,WebCube
CMS,WebOffice
CMS,Webydo
CMS,Weebly
CMS,Whipple Hill
CMS,Wix
CMS,Wordpress.com
CMS,WordPress.org
CMS,Wordpress VIP
CMS,WP Engine
CMS,Yext
CMS,Yola
CMS,YourMembership
CMS,Sage Intacct
CSS and JavaScript Libraries,Amcharts JS Library
CSS and JavaScript Libraries,Backbone JS Library
CSS and JavaScript Libraries,Bootstrap Framework
CSS and JavaScript Libraries,Bootstrap Framework v3.1.1
CSS and JavaScript Libraries,Bootstrap Framework v3.2.0
CSS and JavaScript Libraries,Ember JS Library
CSS and JavaScript Libraries,Fusioncharts JS Library
CSS and JavaScript Libraries,Highcharts JS Library
CSS and JavaScript Libraries,JQuery 1.11.1
CSS and JavaScript Libraries,JQuery 2.1.1
CSS and JavaScript Libraries,React
Call Tracking,CallRail
Call Tracking,Century Interactive
Call Tracking,Freespee
Call Tracking,IfByPhone
Call Tracking,Infinity Tracking
Call Tracking,LogMyCalls
Call Tracking,ResponseTap
Call Tracking,Vox Analytics
Captcha,Keycaptcha
Captcha,Minteye / AdsCaptcha
Captcha,NLP Catpcha
Captcha,NuCaptcha
Captcha,reCAPTCHA
Captcha,Solvemedia
Captcha,sweetCaptcha
Chats,[24]7 Live Chat
Chats,Activa
Chats,Activengage
Chats,ActiveTalk
Chats,Apex Chat
Chats,BevyUp
Chats,BoldChat
Chats,Carchat24
Chats,Cbox
Chats,Clientconnexion
Chats,CloudIM
Chats,Cobrowser Chat
Chats,Comm100
Chats,Contactatonce
Chats,eGain
Chats,Elead Chat
Chats,FordDirect Chat
Chats,Gaglers
Chats,GoTalk
Chats,GoToAssist (FASTchat)
Chats,Gubagoo
Chats,HelpOnClick
Chats,Iadvize
Chats,InstantService
Chats,JivoSite
Chats,LiveChat
Chats,LivePerson Monitor
Chats,LiveTex
Chats,LiveZilla
Chats,Marva
Chats,Moxie
Chats,Netop Live Guide
Chats,NetroxSC
Chats,Olark
Chats,Onicon
Chats,OPanel
Chats,Oracle Live Help
Chats,P3chat
Chats,ProvideSupport
Chats,Pure Chat
Chats,PurpleView
Chats,RealPerson Chat (Optimise-IT)
Chats,RedHelper
Chats,Robin
Chats,Salesforce Live Agent
Chats,SalesMove
Chats,SiteHeart
Chats,SiteHelp
Chats,Slack (Subdomains only)
Chats,Smartsupp
Chats,SnapEngage
Chats,TouchCommerce
Chats,Unblu
Chats,UserLike
Chats,Vee24
Chats,Velaro
Chats,Vivocha
Chats,Volusion Livechat
Chats,WebGreeter
Chats,WebsiteAlive
Chats,WhosOn
Chats,Zoho LiveDesk
Chats,Zopim
Cloud Services,Cloudinary
Cloud Services,Dropbox
Cloud Services,ServInt
Cloud Services,Google Workspace
Cloud Services,Zoho One
Cloud Services,Dialpad
Cloud Services,Jumpcloud
Cloud Services,Talkdesk
Cloud Services,Aircall
Comments,CommentLuv
Comments,Disqus
Comments,Facebook Comments
Comments,Gigya Comments
Comments,Intense Debate
Comments,Invision Power (IP Board)
Comments,LiveFyre
Comments,SezWho
Comments,Vanilla Forums
Comments,Viafoura
Content Delivery Networks,Akamai
Content Delivery Networks,Amazon CloudFront
Content Delivery Networks,Amazon S3
Content Delivery Networks,Amplience
Content Delivery Networks,Ananke CDN
Content Delivery Networks,Azure CDN
Content Delivery Networks,BitGravity
Content Delivery Networks,Bitrix CDN
Content Delivery Networks,Cachefly
Content Delivery Networks,CDN77
Content Delivery Networks,CDNetworks
Content Delivery Networks,CDNsun
Content Delivery Networks,CDNVideo
Content Delivery Networks,Cedexis
Content Delivery Networks,China Net Center
Content Delivery Networks,ChinaCache
Content Delivery Networks,CloudFlare CDN
Content Delivery Networks,Contentful
Content Delivery Networks,Distrify
Content Delivery Networks,DistroScale
Content Delivery Networks,EdgeCast
Content Delivery Networks,Fastly CDN
Content Delivery Networks,Google Cloud Storage
Content Delivery Networks,Highwinds
Content Delivery Networks,IELO
Content Delivery Networks,Instart Logic
Content Delivery Networks,Internap
Content Delivery Networks,Internap CDN
Content Delivery Networks,ISPrime
Content Delivery Networks,Level 3
Content Delivery Networks,Limelight
Content Delivery Networks,MaxCDN
Content Delivery Networks,Ngenix
Content Delivery Networks,OnApp
Content Delivery Networks,Panther
Content Delivery Networks,PubNub
Content Delivery Networks,Pusher
Content Delivery Networks,RackSpace CDN
Content Delivery Networks,Reflected Networks
Content Delivery Networks,ScaleEngine
Content Delivery Networks,Skypark CDN
Content Delivery Networks,SwiftCDN
Content Delivery Networks,Taobao
Content Delivery Networks,Tencent
Content Delivery Networks,TurboBytes
Content Delivery Networks,VHX
Content Delivery Networks,Xinnet
Content Delivery Networks,Yekra
Content Delivery Networks,Yottaa
Content Delivery Networks,Wowza
Content Syndication Networks,AdBlade Advertisement
Content Syndication Networks,AdBlade Tracking
Content Syndication Networks,Content.ad
Content Syndication Networks,Dianomi
Content Syndication Networks,Flix Media
Content Syndication Networks,Gravity
Content Syndication Networks,Instinctive Ads
Content Syndication Networks,LinkSmart
Content Syndication Networks,Native Ads
Content Syndication Networks,NewsCred
Content Syndication Networks,Nster
Content Syndication Networks,NTENT
Content Syndication Networks,Outbrain
Content Syndication Networks,Outbrain - Advertisers
Content Syndication Networks,Perfect Market (Taboola)
Content Syndication Networks,Plista
Content Syndication Networks,RealGravity
Content Syndication Networks,Shareaholic Content Amplification
Content Syndication Networks,SimpleReach
Content Syndication Networks,Taboola
Content Syndication Networks,Vidible
Content Syndication Networks,WebCollage
Content Syndication Networks,Yahoo Recommends
Content Syndication Networks,Zemanta
Content Syndication Networks,Zergnet
Customer Relationship Management,Dynamics 365 Business Central
Customer Relationship Management,AthenaHealth
Customer Relationship Management,Avectra
Customer Relationship Management,Base CRM
Customer Relationship Management,Blackbaud
Customer Relationship Management,Gingr
Customer Relationship Management,InfusionSoft
Customer Relationship Management,Insightly
Customer Relationship Management,Jive
Customer Relationship Management,Lithium Technologies
Customer Relationship Management,Nimble AMS
Customer Relationship Management,Ontraport
Customer Relationship Management,Sage CRM
Customer Relationship Management,Salesforce
Customer Relationship Management,Dynamics 365 CRM
Customer Relationship Management,Sugar CRM
Customer Relationship Management,Telligent
Customer Relationship Management,Zoho CRM
Customer Relationship Management,Dixa
Customer Relationship Management,Contact Center Solution
Customer Relationship Management,InContact
Customer Relationship Management,Microsoft Dynamics 365 CE
Customer Reviews,Ausgezeichnet
Customer Reviews,Avis Verifies
Customer Reviews,Bazaarvoice
Customer Reviews,Bizrate
Customer Reviews,Demandforce Reviews Widget
Customer Reviews,Ekomi
Customer Reviews,FeeFo
Customer Reviews,Fia-net
Customer Reviews,Foxrate
Customer Reviews,Guild Quality
Customer Reviews,Kiyoh.nl
Customer Reviews,PowerReviews
Customer Reviews,PriceGrabber
Customer Reviews,Reevoo
Customer Reviews,ResellerRatings
Customer Reviews,Review Buzz
Customer Reviews,ReviewCentre
Customer Reviews,Reviews.co.uk
Customer Reviews,Shopauskunft
Customer Reviews,Shopper Approved
Customer Reviews,ShopVote
Customer Reviews,The Feedback Company
Customer Reviews,TrustedShops
Customer Reviews,Trustpilot
Customer Reviews,Gainsight
Customer Reviews,Reviews
Customer Reviews,Stamped
Customer Reviews,Junip
Customer Reviews,Judge.me
Data Management Platform,[x+1]
Data Management Platform,Acxiom
Data Management Platform,AudienceScience
Data Management Platform,Blueconic
Data Management Platform,Bluekai
Data Management Platform,Brilig
Data Management Platform,Crowd Science
Data Management Platform,DataLogix
Data Management Platform,Enreach
Data Management Platform,Flxone
Data Management Platform,Krux
Data Management Platform,LiveRamp
Data Management Platform,LiveRamp Match Partners
Data Management Platform,Lotame
Data Management Platform,Navegg
Data Management Platform,Nielsen Display Ads (Formerly eXelate)
Data Management Platform,NuggAd
Data Management Platform,Sojern
Data Management Platform,TailTarget
Data Management Platform,Snowflake
Data Management Platform,Microsoft Sql Server
Data Management Platform,Stitch
Data Management Platform,Triple Whale
Demand Side Platforms,33Across
Demand Side Platforms,AppNexus
Demand Side Platforms,DataXu
Demand Side Platforms,FreakOut
Demand Side Platforms,GDM Digital
Demand Side Platforms,GenesisMedia
Demand Side Platforms,MediaMath
Demand Side Platforms,RocketFuel
Demand Side Platforms,Simpli.fi
Demand Side Platforms,The Trade Desk
Demand Side Platforms,Tradelab
Demand Side Platforms,Triggit
Demand Side Platforms,Turn
Demand Side Platforms,Yahoo Ad Manager Plus
Domain Name Services,123-reg DNS
Domain Name Services,Akamai DNS
Domain Name Services,AT&T DNS
Domain Name Services,Binero
Domain Name Services,Cloudflare DNS
Domain Name Services,Cotendo
Domain Name Services,CSC Corporate Domains
Domain Name Services,DNS2Go
Domain Name Services,DNS.com
Domain Name Services,DNS Made Easy
Domain Name Services,DNSimple
Domain Name Services,DNSMax
Domain Name Services,DNSPark
Domain Name Services,DNSPod
Domain Name Services,DtDNS
Domain Name Services,Dyn Managed DNS
Domain Name Services,DynIP
Domain Name Services,EasyDNS
Domain Name Services,EdgeDirector
Domain Name Services,Enom
Domain Name Services,Fasthosts
Domain Name Services,Frobbit
Domain Name Services,Google Cloud DNS
Domain Name Services,Infoblox
Domain Name Services,Internap DNS
Domain Name Services,LoadDNS
Domain Name Services,Melbourne IT
Domain Name Services,Netnames Cedel
Domain Name Services,Netnames Speednames
Domain Name Services,Netriplex
Domain Name Services,NMU AB
Domain Name Services,Nominum
Domain Name Services,NSOne
Domain Name Services,pointHQ
Domain Name Services,Ports IT
Domain Name Services,Prolexic DNS
Domain Name Services,RackSpace DNS
Domain Name Services,Return Path
Domain Name Services,Riktad AB
Domain Name Services,Route 53
Domain Name Services,Sprint
Domain Name Services,Svenska domaner
Domain Name Services,TDC
Domain Name Services,UltraDns
Domain Name Services,Verisign
Domain Name Services,WorldwideDNS
Domain Name Services,Zerigo
Domain Name Services,ZoneEdit
E-commerce Platforms,Big Commerce
E-commerce Platforms,Rebuy
E-commerce Platforms,Adobe Commerce
E-commerce Platforms,Canal
E-commerce Platforms,Shopify Collective
E-commerce Platforms,Commerce Hub
E-commerce Platforms,Lightspeed
E-commerce Platforms,1shoppingcart
E-commerce Platforms,3D cart
E-commerce Platforms,Amazon Webstore
E-commerce Platforms,AmeriCommerce
E-commerce Platforms,Ascentium Commerce Server
E-commerce Platforms,AspDotNetStorefront
E-commerce Platforms,ATG Commerce
E-commerce Platforms,BigCartel
E-commerce Platforms,BigCommerce
E-commerce Platforms,BorderFree
E-commerce Platforms,Boxever
E-commerce Platforms,Branding Brand
E-commerce Platforms,Cleverbridge
E-commerce Platforms,Coinbase
E-commerce Platforms,CoreCommerce
E-commerce Platforms,CS Cart
E-commerce Platforms,CubeCart
E-commerce Platforms,Demandware
E-commerce Platforms,Ecwid
E-commerce Platforms,EKM Powershop
E-commerce Platforms,Epages
E-commerce Platforms,Frosmo
E-commerce Platforms,GoECart
E-commerce Platforms,GSI (Ebay Enterprise)
E-commerce Platforms,Hybris (SAP)
E-commerce Platforms,IBM Websphere
E-commerce Platforms,InSales
E-commerce Platforms,Intershop
E-commerce Platforms,JTL-Shop 3
E-commerce Platforms,Kalio
E-commerce Platforms,KonaKart
E-commerce Platforms,Mad Mobile
E-commerce Platforms,Magento
E-commerce Platforms,Magento Enterprise
E-commerce Platforms,Marketlive
E-commerce Platforms,Miva Merchant
E-commerce Platforms,Mobify
E-commerce Platforms,Moovweb
E-commerce Platforms,Mozu
E-commerce Platforms,MyCommerce
E-commerce Platforms,NetSuite E-commerce
E-commerce Platforms,OpenCart
E-commerce Platforms,osCommerce
E-commerce Platforms,Oxid
E-commerce Platforms,PINNACLE CART
E-commerce Platforms,Pixafy
E-commerce Platforms,Premium Web Cart
E-commerce Platforms,Prom.ua
E-commerce Platforms,SalonBiz / SpaBiz
E-commerce Platforms,SEOshop
E-commerce Platforms,Shopify
E-commerce Platforms,Shopp
E-commerce Platforms,ShopVisible
E-commerce Platforms,Shopware
E-commerce Platforms,Spree
E-commerce Platforms,Squarespace ECommerce
E-commerce Platforms,Tictail
E-commerce Platforms,UltraCart
E-commerce Platforms,UniteU
E-commerce Platforms,Upshot Commerce
E-commerce Platforms,Usablenet
E-commerce Platforms,Venda
E-commerce Platforms,Virtuemart
E-commerce Platforms,Visualsoft
E-commerce Platforms,Volusion
E-commerce Platforms,Vtex
E-commerce Platforms,WebLinc
E-commerce Platforms,Woo Commerce
E-commerce Platforms,WP eCommerce
E-commerce Platforms,X-Cart
E-commerce Platforms,Xt-commerce
E-commerce Platforms,Yahoo Store
E-commerce Platforms,Zoovy
E-commerce Platforms,ShipStation
E-commerce Platforms,Knocommerce
E-commerce Platforms,Hotmart
E-commerce Platforms,Commerce7
E-commerce Platforms,Shoper
E-commerce Platforms,Magento 1.7
E-commerce Platforms,Magento 1.8
E-commerce Platforms,Magento 1.9
E-commerce Platforms,Magento 2.0
E-commerce Platforms,Magento 2 Community
E-commerce Platforms,Magento 2 Enterprise
E-commerce Platforms,Shopify Plus
E-commerce Platforms,Shopify Product Reviews
E-commerce Platforms,PrestaShop
E-commerce Tools,Barilliance
E-commerce Tools,Candid
E-commerce Tools,Celerant
E-commerce Tools,Channel Advisor
E-commerce Tools,Channel Intelligence by Google
E-commerce Tools,ChannelAdvisor
E-commerce Tools,Etsy
E-commerce Tools,FanPlayr
E-commerce Tools,Forewards
E-commerce Tools,Google Analytics Ecommerce Tracking
E-commerce Tools,Google Trusted Stores
E-commerce Tools,Hook MyVisit
E-commerce Tools,HookLogic
E-commerce Tools,Insparq
E-commerce Tools,Jirafe
E-commerce Tools,JustUno
E-commerce Tools,Lengow
E-commerce Tools,Lexity
E-commerce Tools,Mercent
E-commerce Tools,Nextopia
E-commerce Tools,Nosto
E-commerce Tools,OneStop
E-commerce Tools,Reflektion
E-commerce Tools,Scene7
E-commerce Tools,SearchSpring
E-commerce Tools,Site Vibes
E-commerce Tools,SociableLabs
E-commerce Tools,Symphony Commerce
E-commerce Tools,TheFind
E-commerce Tools,WebEngage
E-commerce Tools,Where2getit
E-commerce Tools,Yotpo
E-commerce Tools,Loox
E-commerce Tools,Octane
E-commerce Tools,Samcart
E-commerce Tools,Quickbooks Commerce
Education Management Software,Elucidat
Education Management Software,Thought Industries
Education Management Software,AAHA Accredited
Education Management Software,Absorb
Education Management Software,Active Network (Active Educate)
Education Management Software,Aeries
Education Management Software,ANGEL LMS
Education Management Software,Aspen
Education Management Software,Blackboard LMS
Education Management Software,Canvas by Instructure
Education Management Software,Capita-SIMS
Education Management Software,Champions Way
Education Management Software,Compliance Wire
Education Management Software,CourseSites by Blackboard
Education Management Software,Desire2Learn / Brightspace
Education Management Software,Docebo
Education Management Software,Echo 360
Education Management Software,Edupoint
Education Management Software,Follett Aspen
Education Management Software,Infinite Campus
Education Management Software,Its Learning LMS
Education Management Software,Litmos
Education Management Software,Moodle
Education Management Software,MyBigCampus
Education Management Software,Rediker (Plus Portals)
Education Management Software,REnWeb
Education Management Software,Schoology
Education Management Software,Senior Systems
Education Management Software,StudyWiz
Education Management Software,SunGard K12 eSchool Plus
Education Management Software,Tegrity
Education Management Software,Tyler Technologies
Education Management Software,Veracross
Education Management Software,Articulate
Email Delivery,Amazon SES
Email Delivery,BriteVerify
Email Delivery,CritSend
Email Delivery,DynECT
Email Delivery,ElasticEmail
Email Delivery,Mailchimp Mandrill
Email Delivery,MailJet
Email Delivery,MessageBus
Email Delivery,MySMTP
Email Delivery,Oracle SPF
Email Delivery,PostageApp
Email Delivery,Postmark
Email Delivery,Rackspace MailGun
Email Delivery,Sendgrid
Email Delivery,SMTP.com
Email Delivery,SocketLabs
Email Delivery,SparkPost
Email Delivery,TurboSMTP
Email Marketing,Movable Ink
Email Marketing,Adestra
Email Marketing,AgilOne
Email Marketing,AWeber
Email Marketing,Biz Wizard
Email Marketing,Bluehornet
Email Marketing,Boomtrain
Email Marketing,Bronto
Email Marketing,CakeMail
Email Marketing,Campaigner
Email Marketing,CampaignMonitor
Email Marketing,Carma Mail (Compost Marketing)
Email Marketing,CheetahMail
Email Marketing,Communicator
Email Marketing,Constant Contact
Email Marketing,Customer.IO
Email Marketing,Delivra
Email Marketing,dotMailer
Email Marketing,ECircle (Teradata)
Email Marketing,Email Attitude (1000mercis)
Email Marketing,Email Center Pro
Email Marketing,EmailDirect
Email Marketing,Emarsys
Email Marketing,Ematch
Email Marketing,Emma
Email Marketing,Eperflex / ividence
Email Marketing,ExactTarget
Email Marketing,Fishbowl
Email Marketing,Get-a-newsletter
Email Marketing,GetResponse
Email Marketing,Graphicmail
Email Marketing,iContact
Email Marketing,Klaviyo
Email Marketing,Listrak
Email Marketing,Liveclicker
Email Marketing,Lyris
Email Marketing,Mad Mimi
Email Marketing,MailChimp
Email Marketing,Maildirect.se
Email Marketing,MailUp
Email Marketing,Maropost
Email Marketing,MessageGears
Email Marketing,Mojn
Email Marketing,MultiNet
Email Marketing,Nudgespot
Email Marketing,Paloma
Email Marketing,Predictive Response
Email Marketing,Pure360
Email Marketing,Remintrex
Email Marketing,Responsys
Email Marketing,Sare
Email Marketing,SendInBlue
Email Marketing,Silverpop
Email Marketing,SmarterRemarketer
Email Marketing,SmartFocus
Email Marketing,Stream Send
Email Marketing,Tedemis
Email Marketing,TriggerMail
Email Marketing,Trumpia
Email Marketing,Vero
Email Marketing,Vision6
Email Marketing,WhatCounts / Publicaster
Email Marketing,YesMail
Email Providers,1&1 Email Provider
Email Providers,Atmail
Email Providers,Ceryx
Email Providers,Frontbridge
Email Providers,Gmail
Email Providers,GMX
Email Providers,Horde
Email Providers,Hotmail
Email Providers,Hushmail
Email Providers,Inbox.com
Email Providers,IntY MailDefender
Email Providers,Lavabit
Email Providers,Microsoft Email Providers
Email Providers,Mimecast
Email Providers,MX Logic
Email Providers,Oracle Email Server
Email Providers,Outlook
Email Providers,Postini
Email Providers,Rackspace Email
Email Providers,Roundcube Email
Email Providers,ServiceNow
Email Providers,SquirrelMail
Email Providers,Yahoo Mail
Email Providers,Zimbra
Email Providers,Zoho Email
Email Providers,Webmail
Event Management,ActiveNetwork
Event Management,BusyConf
Event Management,Centium Software
Event Management,Certain Software
Event Management,CompuSystems
Event Management,Cvent
Event Management,ePly Events
Event Management,etouches
Event Management,Eventbrite
Event Management,EventsAir by Centium
Event Management,Experient
Event Management,Expotracker
Event Management,Info Salons
Event Management,RegOnline
Event Management,Regpacks
Event Management,SignUp4
Event Management,Ungerboeck Software
Fonts,Adobe Edge
Fonts,Cufon
Fonts,FontDeck
Fonts,Fonts.com
Fonts,Google Font API
Fonts,Typekit
Food Ordering Services,1001menus
Food Ordering Services,BeyondMenu
Food Ordering Services,Brygid
Food Ordering Services,Caviar
Food Ordering Services,DoorDash
Food Ordering Services,GrubHub
Food Ordering Services,MyPizza.com
Food Ordering Services,OrderAhead
Food Ordering Services,OrderingOnline
Food Ordering Services,Seamless Web
Frameworks and Programming Languages,AngularJS
Frameworks and Programming Languages,AngularJS 1.2.20
Frameworks and Programming Languages,AngularJS 1.3.0 Beta
Frameworks and Programming Languages,Apache Coyote
Frameworks and Programming Languages,Apache Coyote v1.1
Frameworks and Programming Languages,ASP.NET
Frameworks and Programming Languages,Django
Frameworks and Programming Languages,Express JS Framework
Frameworks and Programming Languages,PHP
Frameworks and Programming Languages,PHP 5.3
Frameworks and Programming Languages,PrototypeJS
Frameworks and Programming Languages,Ruby On Rails
Frameworks and Programming Languages,React Native
Frameworks and Programming Languages,Node.js
Frameworks and Programming Languages,Scala
Frameworks and Programming Languages,Java EE
Frameworks and Programming Languages,Microsoft.net
Frameworks and Programming Languages,C#
Frameworks and Programming Languages,Go Framework
Frameworks and Programming Languages,Kinvey
Frameworks and Programming Languages,Xamarin
Frameworks and Programming Languages,F#
Frameworks and Programming Languages,Android
Frameworks and Programming Languages,Laravel
Frameworks and Programming Languages,Elixir
Frameworks and Programming Languages,Visual Basic
Frameworks and Programming Languages,Blazor
Frameworks and Programming Languages,Phoenix
Business Intelligence,ZoomInfo
Business Intelligence,Sigma
Business Intelligence,Domo
Business Intelligence,Qlik Sense
Business Intelligence,Tableau Server
Communication and Collaboration,Mitel
Communication and Collaboration,Overloop
Communication and Collaboration,Make
Communication and Collaboration,Frame.io
Communication and Collaboration,Monday.com
Communication and Collaboration,LiquidPlanner
Communication and Collaboration,8x8
Communication and Collaboration,Avaya
Communication and Collaboration,Catalyst.io
Communication and Collaboration,LiveView
Communication and Collaboration,Prizmdoc
Communication and Collaboration,Vonage
Communication and Collaboration,Discord
Communication and Collaboration,Figma
ERP,Oracle Fusion
ERP,SAP B1
Case Management,Smart Advocate
Case Management,Filevine
HR Solutions,Trinet
HR Solutions,PEO
HR Solutions,Insperity
Human Capital Management,Gusto
Human Capital Management,Paycor
Human Capital Management,Rippling
Human Capital Management,Justworks
Content Management Platform,Arc XP
Content Management Platform,Canva
Content Management Platform,Highspot
Content Management Platform,Zype
Content Management Platform,Seismic
Content Management Platform,Patreon
Content Management Platform,Rally
Content Management Platform,Q2
Content Management Platform,LexisNexus
Contruction Management Platform,Procore
Contruction Management Platform,Viewpoint
Contruction Management Platform,CMiC
Insurance Software,Guidewire
Insurance Software,Embroker
Insurance Software,Socotra
Insurance Software,Sagitta
Insurance Software,Majesco
Insurance Software,Duck Creek
Insurance Software,Insurance Services Office (ISO)
Insurance Software,Zego
Deployment Tools,Terraform
Deployment Tools,Engine Yard
Deployment Tools,Azure Devops
Deployment Tools,Cloud 66
Robotic Process Automation,Uipath
Robotic Process Automation,Blueprism
Robotic Process Automation,Automation Anywhere
Enterprise Mobility Management,Jamf
Enterprise Mobility Management,Citrix XenMobile
Enterprise Mobility Management,IBM MaaS360
Enterprise Mobility Management,SOTI Mobicontrol
Hosted Forms,123ContactForm
Hosted Forms,Confirmit
Hosted Forms,Formassembly
Hosted Forms,Forms on the Fly
Hosted Forms,Formsite
Hosted Forms,Formspree
Hosted Forms,Formstack
Hosted Forms,Gravity Forms
Hosted Forms,Jotform
Hosted Forms,Podio
Hosted Forms,Reformed
Hosted Forms,Scholarselect
Hosted Forms,Wufoo
Hosting,1&1 Hosting
Hosting,3t Systems
Hosting,6 Degrees Hosting
Hosting,A Small Orange
Hosting,AboveNet
Hosting,Adapt Hosting
Hosting,Affinity Internet (Hostway)
Hosting,Amazon AWS
Hosting,American Technology Services
Hosting,Ananke Hosting
Hosting,Black Lotus
Hosting,BlackMesh
Hosting,Blue Host
Hosting,Carpathia Hosting
Hosting,Catalyst
Hosting,CenturyLink
Hosting,Cirrus Tech
Hosting,Claranet Hosting
Hosting,CloudFlare Hosting
Hosting,Cogent
Hosting,Colt
Hosting,Comcast
Hosting,Connectria
Hosting,Crucial
Hosting,Datapipe
Hosting,Dbs International
Hosting,DigitalOcean
Hosting,Dimension Data
Hosting,DreamHost Hosting
Hosting,Edgewebhosting
Hosting,Endurance International Group
Hosting,Equinix
Hosting,Expedient Data Centers
Hosting,Fastly Hosting
Hosting,Firehost
Hosting,Fujitsu
Hosting,GoDaddy Hosting
Hosting,GoGrid
Hosting,Google Cloud Hosting
Hosting,Google Sites
Hosting,Heroku
Hosting,Hetzner
Hosting,HostDime
Hosting,Hostgator
Hosting,Hosting.com
Hosting,Hostinger
Hosting,HostPapa
Hosting,Hostway
Hosting,iland
Hosting,InfoRelay
Hosting,Internap Network
Hosting,IT.net
Hosting,Joyent
Hosting,Latisys
Hosting,Layered Tech
Hosting,LeaseWeb
Hosting,Level 3 Hosting
Hosting,Linknow Media
Hosting,Linode
Hosting,Liquidweb
Hosting,Logicworks
Hosting,MaxMind
Hosting,Media Temple
Hosting,Microsoft Azure Hosting
Hosting,Navisite
Hosting,NephoScale
Hosting,NeuStar
Hosting,Nexcess
Hosting,Online Tech
Hosting,OnRamp Hosting
Hosting,ORCS Web
Hosting,OVH
Hosting,OVH Hosting
Hosting,Peak 10
Hosting,Peer 1
Hosting,Philadelphia Technology Park
Hosting,Prolexic
Hosting,Pulsant Hosting
Hosting,Rackspace
Hosting,Savvis
Hosting,Selectel Hosting
Hosting,ServerBeach
Hosting,SimpleHelix
Hosting,SingleHop
Hosting,Sleek Networks
Hosting,SoftLayer
Hosting,Strato
Hosting,Telepacific
Hosting,Terremark
Hosting,Thinkgrid
Hosting,UK Fast Hosting
Hosting,Unified Layer
Hosting,Verio
Hosting,Verio Hosting (NTT Comm)
Hosting,Verizon
Hosting,Web.com
Hosting,WHMCS
Hosting,Xand
Hosting,XO Communications
Hosting,Xtium
Hosting,XXL webhosting
Hosting,Zerolag
Hosting,Vultr
Lead Generation Software,ActiveConversion
Lead Generation Software,Captora
Lead Generation Software,Enecto
Lead Generation Software,Insightera
Lead Generation Software,Intelligent Demand
Lead Generation Software,Kunversion
Lead Generation Software,LeadExplorer
Lead Generation Software,LeadForensics
Lead Generation Software,Leadlander
Lead Generation Software,Leads by Web.com
Lead Generation Software,Market Leader
Lead Generation Software,Mentad
Lead Generation Software,ReachForce
Lead Generation Software,Rooster
Lead Generation Software,Survicate
Lead Generation Software,TigerLead
Lead Generation Software,VisiStat
Lead Generation Software,VisitorTrack
Lead Generation Software,Visual Visitor
Lead Generation Software,Zurple
Lead Generation Software,Jornaya
Live Streaming Platforms,316networks
Live Streaming Platforms,Conviva
Live Streaming Platforms,Dacast
Live Streaming Platforms,Neulion
Live Streaming Platforms,NicePeopleAtWork
Live Streaming Platforms,Panopto
Live Streaming Platforms,Uplynk
Live Streaming Platforms,Ustream
Load Balancers,Amazon Elastic Load Balancer
Load Balancers,Apache
Load Balancers,BT Web Server
Load Balancers,Citrix NetScaler
Load Balancers,F5 BIG-IP
Load Balancers,Google Frontend (Webserver)
Load Balancers,Gunicorn
Load Balancers,IBM HTTP Server
Load Balancers,ISA Web Publishing Load Balancer
Load Balancers,JetNEXUS
Load Balancers,Jetty Server
Load Balancers,Microsoft-IIS
Load Balancers,Netcache
Load Balancers,Nginx
Load Balancers,Oracle Application Server
Load Balancers,Oracle iPlanet Web Server
Load Balancers,Phusion Passenger
Load Balancers,QRATOR
Load Balancers,Ubuntu
Load Balancers,Varnish
Load Balancers,Wily
Load Balancers,Zeus
Loyalty and Gamification,Badgeville
Loyalty and Gamification,BellyCard
Loyalty and Gamification,Bigdoor
Loyalty and Gamification,Bunchball
Loyalty and Gamification,CrowdTwist
Loyalty and Gamification,Eprize
Loyalty and Gamification,Loyalty Lab
Loyalty and Gamification,Perkville
Loyalty and Gamification,Punchtab
Loyalty and Gamification,S Loyalty
Loyalty and Gamification,Social Annex
Marketing Automation,Act-On
Marketing Automation,Active Campaign
Marketing Automation,Autopilot
Marketing Automation,Balihoo
Marketing Automation,BounceExchange
Marketing Automation,ClickDimensions
Marketing Automation,CoreMotives
Marketing Automation,Demandforce
Marketing Automation,Drip
Marketing Automation,Eloqua
Marketing Automation,eTrigue
Marketing Automation,Exit Intel
Marketing Automation,Genius
Marketing Automation,Genoo
Marketing Automation,Go Digital Marketing
Marketing Automation,Greenrope
Marketing Automation,Hatchbuck
Marketing Automation,Hubspot
Marketing Automation,Intive Referrals
Marketing Automation,iPresso
Marketing Automation,JumpDemand / ActiveDemand
Marketing Automation,Kahuna
Marketing Automation,Kapost
Marketing Automation,KnowledgeMarketing
Marketing Automation,LeadFormix
Marketing Automation,LeadLiaison
Marketing Automation,Leadsius
Marketing Automation,LeadSquared
Marketing Automation,LoopFuse
Marketing Automation,MakesBridge
Marketing Automation,Manticore
Marketing Automation,Marketingmatic
Marketing Automation,Marketo
Marketing Automation,Net-Results
Marketing Automation,Optify
Marketing Automation,Orange Soda
Marketing Automation,Otto
Marketing Automation,Pardot
Marketing Automation,ProspectEye
Marketing Automation,Reach Local
Marketing Automation,RedEye
Marketing Automation,SalesFUSION
Marketing Automation,SALESmanago
Marketing Automation,Selligent
Marketing Automation,SharpSpring
Marketing Automation,SnapApp
Marketing Automation,UberFlip
Marketing Automation,Unica
Marketing Automation,Yodle
Marketing Automation,Everflow
Marketing Automation,Mirakl
Marketing Automation,Outreach.io
Marketing Automation,Bluecore
Marketing Automation,Iterable
Marketing Automation,Vuture
Marketing Automation,RD Station
Online Testing Platforms,AB Tasty
Online Testing Platforms,Adobe TestAndTarget
Online Testing Platforms,ClickFunnels
Online Testing Platforms,DynamicYield
Online Testing Platforms,Evergage
Online Testing Platforms,Google Website Optimizer
Online Testing Platforms,Hiconversion
Online Testing Platforms,LeadPages
Online Testing Platforms,Litmus
Online Testing Platforms,Maxymiser
Online Testing Platforms,Monetate
Online Testing Platforms,Optimizely
Online Testing Platforms,Optimost
Online Testing Platforms,Qubit Deliver
Online Testing Platforms,Sitespect
Online Testing Platforms,Unbounce
Online Testing Platforms,UserZoom
Online Testing Platforms,Visual Website Optimizer
Online Testing Platforms,Webtrends Optimize
Online Testing Platforms,Saucelabs
Online Video Platforms,Bitmovin
Online Video Platforms,JWPlayer
Online Video Platforms,Bits on the Run
Online Video Platforms,BlipTV
Online Video Platforms,Brightcove
Online Video Platforms,Clipstream
Online Video Platforms,DailyMotion
Online Video Platforms,Eagle Platform (Online Video Platform)
Online Video Platforms,Flickr Video
Online Video Platforms,Flowplayer
Online Video Platforms,Flowplayer Commercial
Online Video Platforms,Fordela
Online Video Platforms,jPlayer
Online Video Platforms,JW Player
Online Video Platforms,Kaltura
Online Video Platforms,Kewego
Online Video Platforms,Kit Digital
Online Video Platforms,Liverail
Online Video Platforms,Mediasilo
Online Video Platforms,MovingImage24
Online Video Platforms,Ooyala
Online Video Platforms,Playwire
Online Video Platforms,Quadia
Online Video Platforms,Simian
Online Video Platforms,Springboard Video
Online Video Platforms,SublimeVideo
Online Video Platforms,ThePlatform
Online Video Platforms,Tvigle
Online Video Platforms,Twistage
Online Video Platforms,Vid.ly
Online Video Platforms,Vidcaster
Online Video Platforms,Viddler
Online Video Platforms,VideoJS
Online Video Platforms,Vidyard
Online Video Platforms,Vimeo
Online Video Platforms,Vzaar
Online Video Platforms,Wiredrive
Online Video Platforms,Wirewax
Online Video Platforms,Wistia
Online Video Platforms,YouTube
Online Video Platforms,Zaption
Online Video Platforms,Muvi
Online Video Platforms,Pivotshare
Online Video Platforms,Searchie
Other,5th Finger
Other,A2Z Inc
Other,Ad Unit 160 x 600
Other,Ad Unit 300 x 250
Other,Ad Unit 300 x 600
Other,Ad Unit 320 x 50
Other,Ad Unit 728 x 90
Other,ADEBiS
Other,Adloox
Other,ADX Studio
Other,ALEX
Other,Altas Relaunched
Other,Amadeus
Other,Americaneagle
Other,Atlas Legacy
Other,Avvo
Other,Bayshore Solutions
Other,Bing Maps
Other,Box.net
Other,BulletinMarketing
Other,CallTrackingMetrics
Other,Sequence Monitor SPF
Other,CareerBuilder
Other,Cision
Other,Coreg-Feed
Other,CoStar Connect
Other,cXense
Other,Deluxe
Other,Delve
Other,DexMedia
Other,Diverse Solutions
Other,DocuSign
Other,DoubleVerify
Other,DudaMobile
Other,Easyling
Other,Echo
Other,eNeighborhoods (Homes.com)
Other,ExactOnline
Other,Experian
Other,FBWCA-AR
Other,Find Law
Other,Flickr API
Other,Flickr Badge
Other,Flickr Slideshow
Other,Fry
Other,FullStory
Other,Gettyimages
Other,Gigya Login
Other,Gigya Registration
Other,Gigya Registration as a Service
Other,Google Apps
Other,Google Checkout
Other,Google Maps
Other,Google Maps (Non Paid Users)
Other,Google Maps (Paid Users)
Other,Google Places
Other,greyscale - black
Other,greyscale - grey
Other,greyscale - white
Other,Homeadvisor
Other,iHomeFinder
Other,Indeed
Other,Influitive
Other,IntelliAd
Other,InTouch
Other,Lighthouse 360
Other,Linkedin Widget
Other,Loggly
Other,MailChimp SPF
Other,Map Quest
Other,MegaLeads
Other,Mobile Friendly
Other,MotionPoint
Other,Mulesoft
Other,nRelate
Other,Microsoft Office 365
Other,Okta (sub-domains only)
Other,Onswipe
Other,OpenID
Other,Paczkomaty
Other,Parityrate
Other,Pet Exec
Other,PostAffiliatePro
Other,PowerSchool
Other,Predictry
Other,Purecars
Other,QuoteValet
Other,RevenueWell (patientconnect365)
Other,Service2 Client
Other,Shopsense
Other,Shutterstock
Other,SignNow
Other,Smartling
Other,SoundCloud
Other,Steepto
Other,Transifex
Other,Twilio
Other,Unity 3D Web Player
Other,Unreal Engine
Other,VetScene
Other,Vizergy
Other,VMIX
Other,Websystem2/3
Other,Wix TINT
Other,Wolfnet
Other,Xceligent
Other,Xenforo
Other,Xero
Other,Yelp
Other,Zencoder
Other,Ab Initio
Other,iManage
Other,Snowbound
Other,Sardine.ai
Other,Engagedly
Other,Aloha POS
Other,Accusoft
Other,Mighty Networks
Other,Browserstack
Other,mParticle
Other,Autodesk
Other,Boomi
Other,Raptive
Other,TaxJar
Other,Meta Pixel
Other,Ansible
Other,Semrush
Other,Ometria
Other,Exponea
Other,Gong
Other,Ahrefs
Other,Avalara
Other,Lattice
Other,Metamask
Other,Esri
Other,Zoho Creator
Other,Render
Other,IoT
Other,Micro
Other,Data Storage
Other,Blackline
Other,Learnable
Other,Linux OS
Other,Fairing
Other,Silver Plume
Other,Unqork
Other,Arketa
Other,Simplicate
Other,Oracle Products
Other,Oracle E Business Suite
Other,Kernelcare
Other,Trackpod
Other,Oasis-7
Other,Docker
Other,Toast
Other,Remote
Other,Memberful
Other,Dentalqore
Other,MemberMouse
Other,Attentive
Other,Spayee
Other,Provesource
Other,Vertical Market Software
Other,UserWay
Other,Azure Virtual Desktop
Other,Accredible
Other,7shifts
Other,SailPoint
Other,Samsara
Other,Coupa
Other,Microsoft Project
Other,Airtable
Other,AI
Other,Thomson Reuters Legal Solutions
Other,Black Line
Enterprise Resource Planning,Dynamics 365 F&O
Enterprise Resource Planning,Microsoft Dynamics AX
Enterprise Resource Planning,IFS ERP
Enterprise Resource Planning,S/4HANA
Enterprise Resource Planning,Acumatica
Financial Software,Dext
Financial Software,MineralTree
Financial Software,Billtrust
Financial Software,Sage 300
Financial Software,YayPay
Financial Software,QuickBooks
Financial Software,HighRadius
Financial Software,Paytm
Financial Software,Razorpay
Financial Software,Cashfree
Financial Software,Workday Financial
Financial Software,Intuit
Financial Software,Circle
Financial Software,TransferWise
Financial Software,Myob
Financial Software,Alkami
Property Management Software,Realpage
Property Management Software,Appfolio
Property Management Software,BuildingLink
Property Management Software,Yardi
Property Management Software,Rent Manager
Property Management Software,Buildium
Property Management Software,Rent Cafe
Property Management Software,Bubble.io
Property Management Software,Mews
Property Management Software,Cloudbeds
Payments,PayU
Payments,Tipalti
Payments,Box
Payments,Adyen
Payments,Amazon Payments
Payments,Apple Pay
Payments,Authorize.NET
Payments,Avangate
Payments,Balanced
Payments,BillMeLater
Payments,BitPay
Payments,BlueSnap
Payments,Braintree
Payments,CCBill
Payments,Digital River
Payments,Dwolla
Payments,FastSpring
Payments,Flattr
Payments,Freshbooks
Payments,Google Wallet
Payments,Ingenico (Ogone)
Payments,Klarna
Payments,MasterPass
Payments,Paychex
Payments,Paylocity
Payments,Paypal
Payments,PaySimple
Payments,Quickbooks Online
Payments,Recurly
Payments,Recurly JS
Payments,"Square, Inc."
Payments,Stripe
Payments,TrialPay
Payments,Visa Checkout
Payments,WePay
Payments,World Pay
Payments,Zombaio
Payments,Zuora
Payments,Rapyd
Payments,Deel
Payments,Intuit Payments Gateway
Payments,2Checkout
Personalization,Amadesa
Personalization,Baynote
Personalization,Certona
Personalization,Commerce Sciences
Personalization,CrowdIgnite
Personalization,iGoDigital
Personalization,Lead Converter
Personalization,Monoloop
Personalization,MyBuys
Personalization,Peerius
Personalization,Personyze
Personalization,RichRelevance
Personalization,Sailthru
Personalization,SeeWhy
Personalization,Strands Retail
Personalization,Vertical Acuity
Publisher Advertising Tools,Adition Technologies - Publishers
Publisher Advertising Tools,AdsNative
Publisher Advertising Tools,AdSupply
Publisher Advertising Tools,AudienceFuel
Publisher Advertising Tools,BuySellAds
Publisher Advertising Tools,Contently
Publisher Advertising Tools,Criteo Publisher Marketplace
Publisher Advertising Tools,DTScout
Publisher Advertising Tools,Hexagram Exchange
Publisher Advertising Tools,Komoona
Publisher Advertising Tools,Luminate
Publisher Advertising Tools,MadAdsMedia
Publisher Advertising Tools,Media.net
Publisher Advertising Tools,Nativo
Publisher Advertising Tools,NetSeer
Publisher Advertising Tools,Open AdStream (Appnexus)
Publisher Advertising Tools,OpenX - Exchange
Publisher Advertising Tools,Parse.ly
Publisher Advertising Tools,Polar (Media Voice)
Publisher Advertising Tools,Scout Analytics
Publisher Advertising Tools,Sharethrough
Publisher Advertising Tools,Sovrn
Publisher Advertising Tools,Switch Ads
Publisher Advertising Tools,Thoughtleadr
Publisher Advertising Tools,Tynt
Recruitment,AcquireTM
Recruitment,ADP Applicant Tracking System
Recruitment,Applicant Pro
Recruitment,Ascendify
Recruitment,ATS OnDemand
Recruitment,Avature
Recruitment,Avionte
Recruitment,BambooHR
Recruitment,Bond Adapt
Recruitment,Breezy HR (formerly NimbleHR)
Recruitment,Catsone
Recruitment,Compas (MyCompas)
Recruitment,Cornerstone On Demand
Recruitment,Crelate
Recruitment,Employease
Recruitment,eRecruit
Recruitment,Findly
Recruitment,Gethired
Recruitment,Gild
Recruitment,Greenhouse.io
Recruitment,HealthcareSource
Recruitment,HireBridge
Recruitment,HR Logix
Recruitment,HRMDirect
Recruitment,HRSmart
Recruitment,Hyrell
Recruitment,iCIMS
Recruitment,Indeed Sponsored Ads
Recruitment,Infor (PeopleAnswers)
Recruitment,Interviewstream
Recruitment,JobAdder
Recruitment,JobApp
Recruitment,JobDiva
Recruitment,Jobscore
Recruitment,Jobvite
Recruitment,Kenexa
Recruitment,Kwantek
Recruitment,Lever
Recruitment,Luceo
Recruitment,Lumesse
Recruitment,myStaffingPro
Recruitment,myTalentLink
Recruitment,Newton Software
Recruitment,PC Recruiter
Recruitment,People Matter
Recruitment,PeopleFluent
Recruitment,Resumator
Recruitment,Sendouts
Recruitment,SilkRoad
Recruitment,SmartRecruiters
Recruitment,SmashFly
Recruitment,SuccessFactors (SAP)
Recruitment,TalentEd
Recruitment,Taleo
Recruitment,TMP Worldwide
Recruitment,TrackerRMS
Recruitment,UltiPro
Recruitment,Umantis
Recruitment,Winocular
Recruitment,Workable
Recruitment,Workday Recruit
Recruitment,ZipRecruiter
Recruitment,Zoho Recruit
Recruitment,Vincere
Recruitment,Bullhorn
Reservation Software,Availpro
Reservation Software,BookaTable
Reservation Software,Bookenda
Reservation Software,Booker Software
Reservation Software,Demandforce Scheduler Widget
Reservation Software,Ebisol
Reservation Software,Eveve
Reservation Software,FastBooking
Reservation Software,Hotel Spider
Reservation Software,iHotelier (TravelClick)
Reservation Software,Livebookings
Reservation Software,NexTable
Reservation Software,Office 24
Reservation Software,Opentable
Reservation Software,Opentable Widget
Reservation Software,Quandoo
Reservation Software,ResDiary
Reservation Software,Reservit
Reservation Software,RestaurantConnect
Reservation Software,Restorando
Reservation Software,SeatMe
Reservation Software,Simplebooking
Reservation Software,SynXis (Sabre Hospitality)
Reservation Software,Table 37
Reservation Software,TableCheck (Vesper)
Retargeting,Adcrowd
Retargeting,AdExtent
Retargeting,AdRoll
Retargeting,Buysight (Advertising.com)
Retargeting,Captify
Retargeting,Chango
Retargeting,Criteo
Retargeting,Dotomi
Retargeting,Facebook Custom Audiences
Retargeting,Fetchback
Retargeting,Google Dynamic Remarketing
Retargeting,Google Remarketing
Retargeting,Heais by Adnologies
Retargeting,Kupona
Retargeting,Leadback
Retargeting,Magnetic
Retargeting,mainADV
Retargeting,mediaFORGE
Retargeting,Merchenta
Retargeting,Meteora
Retargeting,MyThings
Retargeting,NextPerf
Retargeting,Perfect Audience
Retargeting,Realtime Targeting
Retargeting,ReTargeter
Retargeting,RTB House
Retargeting,Sociomantic
Retargeting,SteelHouse
Retargeting,Struq
Retargeting,Tacoda
Retargeting,Target Performance
Retargeting,Tellapart
Retargeting,Ve Interactive
Retargeting,Veruta (MyBuys)
Retargeting,Vizury
Retargeting,webtraffic
Retargeting,Xplosion
Retargeting,Xplosion Interactive
Retargeting,Yahoo Retargeting
Retargeting,Yieldr
SSL Certificates,GeoTrust
SSL Certificates,GoDaddy
SSL Certificates,OpenSSL
Search Appliances,Bing
Search Appliances,Elasticsearch
Search Appliances,Endeca
Search Appliances,Google AFS
Search Appliances,Google Custom Search
Search Appliances,Google GSA
Search Appliances,SLI Site Champion
Search Appliances,SLI Systems
Search Appliances,Swiftype
Search Marketing,Acquisio
Search Marketing,Adobe Media Optimizer
Search Marketing,Algolia
Search Marketing,Bizible
Search Marketing,BloomReach
Search Marketing,Brand Rep
Search Marketing,BrightEdge
Search Marketing,Cint
Search Marketing,HitTail
Search Marketing,IgnitionOne
Search Marketing,Kenshoo
Search Marketing,Marin
Search Marketing,SearchDex
Search Marketing,SearchMetrics
Search Marketing,Wishpond
Search Marketing,Wordstream
Search Marketing,Yandex.Direct
Search Marketing,YourAmigo
Search Marketing,Adobe Marketing Cloud
Security,KnowBe4
Security,CybSafe
Security,Proofpoint
Security,Nimblr
Security,CyberArk
Security,Datagrail
Security,BigID
Security,BBB seal
Security,BuySafe
Security,Evidon Seal
Security,GeoTrust Verification
Security,GoDaddy Verified
Security,HONESTe Online
Security,McAfee
Security,Network Solutions Seal
Security,Sift Science
Security,Sitelock
Security,Starfield
Security,Thawte Seal
Security,Truste
Security,TrustGuard
Security,TrustKeeper (TrustWave)
Security,Trustwave Seal
Security,User Trust (Comodo)
Security,Verisign Seal
Security,Biocatch
Security,Arcsight
Security,Zscaler
Security,Cisco Anyconnect
Security,Mobileiron
Security,Kandji
Security,Twingate
Security,Netskope
Security,Tailscale
Security,Varonis
Security,Code42
Security,Mosyle
Site and Cart Abandonment,Abandonaid
Site and Cart Abandonment,CartStack
Site and Cart Abandonment,Exitmonitor
Site and Cart Abandonment,Granify
Site and Cart Abandonment,OptiLead
Site and Cart Abandonment,Optimonk
Site and Cart Abandonment,PicReel
Site and Cart Abandonment,Rejoiner
Site and Cart Abandonment,SaleCycle
Site and Cart Abandonment,Spring Metrics
Site and Cart Abandonment,Upsellit
Site and Cart Abandonment,Yieldify
Small Business Marketing Software,PetWise Marketing
Small Business Marketing Software,VetShout
Small Business Marketing Software,Avelient
Small Business Marketing Software,Prosites
Small Business Marketing Software,EyeCarePro
Social Login,CoffeeBean
Social Login,Dito
Social Login,Facebook Login (Connect)
Social Login,Gigya
Social Login,Google Plus
Social Login,Janrain
Social Login,Linkedin Login
Social Login,LoginRadius
Social Login,OneAll
Social Login,ShopSocially
Social Login,SocialPlus
Social Login,Twitter Widgets
Social Media Marketing,Agropulse
Social Media Marketing,Upfluence
Social Media Marketing,Creator.co
Social Media Marketing,Ambassador
Social Media Marketing,BuddyMedia
Social Media Marketing,Chute
Social Media Marketing,CoverItLive
Social Media Marketing,Curalate
Social Media Marketing,Curebit
Social Media Marketing,Extole
Social Media Marketing,FeedMagnet
Social Media Marketing,Friendbuy
Social Media Marketing,Gleam
Social Media Marketing,Iconosquare
Social Media Marketing,Madwire
Social Media Marketing,MassRelevance (Spredfast)
Social Media Marketing,Nanigans
Social Media Marketing,Netbase
Social Media Marketing,Offerpop
Social Media Marketing,Olapic
Social Media Marketing,Pixlee
Social Media Marketing,Postano
Social Media Marketing,Ready Pulse
Social Media Marketing,Readypulse
Social Media Marketing,RebelMouse
Social Media Marketing,ReferralCandy
Social Media Marketing,ScribbleLive
Social Media Marketing,Seesmic
Social Media Marketing,Smartify
Social Media Marketing,SocialBro
Social Media Marketing,SocialTwist
Social Media Marketing,Stackla
Social Media Marketing,ThisMoment
Social Media Marketing,Tint
Social Media Marketing,Traackr
Social Media Marketing,TradableBits
Social Media Marketing,VideoBloom
Social Media Marketing,Videogenie
Social Media Marketing,ViralNinjas
Social Media Marketing,Wayin
Social Sharing,AddShoppers
Social Sharing,AddThis
Social Sharing,Facebook Like Button
Social Sharing,Facebook Social Plugins
Social Sharing,Gigya Share
Social Sharing,Hupso
Social Sharing,Instagram
Social Sharing,Janrain Social Share
Social Sharing,ShareThis
Social Sharing,Twitter Sharing
Social Sharing,Asksuite
Supply Side Platforms,Blue Yonder
Supply Side Platforms,PubMatic
Supply Side Platforms,Rubicon Project
Supply Side Platforms,Sonobi
Supply Side Platforms,Zedo
Support and Feedback,Autotask
Support and Feedback,BrightPearl
Support and Feedback,CentraStage RMM
Support and Feedback,ClickDesk
Support and Feedback,ConnectWise
Support and Feedback,Desk.com
Support and Feedback,drchrono
Support and Feedback,Enalyzer
Support and Feedback,ePet Health
Support and Feedback,Estara
Support and Feedback,Ethnio
Support and Feedback,Feedbackify
Support and Feedback,ForeSee
Support and Feedback,Freshdesk
Support and Feedback,GetFeedback
Support and Feedback,GetSatisfaction
Support and Feedback,Groove
Support and Feedback,Helpscout
Support and Feedback,InMoment
Support and Feedback,Intercom
Support and Feedback,iPerceptions
Support and Feedback,Kampyle
Support and Feedback,KarmaSoft
Support and Feedback,Kayako
Support and Feedback,LogMeIn - Rescue
Support and Feedback,MemberClicks
Support and Feedback,mHelpDesk
Support and Feedback,Needle
Support and Feedback,OpinionLab
Support and Feedback,Parature
Support and Feedback,PerfectMind
Support and Feedback,Qualaroo
Support and Feedback,Qualtrics
Support and Feedback,Questback
Support and Feedback,RightNow
Support and Feedback,RightSignature
Support and Feedback,Rosy Salon Software
Support and Feedback,SOAP Vault
Support and Feedback,Spigit (Mindjet)
Support and Feedback,SurveyGizmo
Support and Feedback,SurveyMonkey
Support and Feedback,Surveypal
Support and Feedback,TurnTo
Support and Feedback,Userecho
Support and Feedback,UserMood
Support and Feedback,UserNeeds
Support and Feedback,UserReport
Support and Feedback,UserVoice
Support and Feedback,Webropol
Support and Feedback,Zendesk
Support and Feedback,PerformYard
Support and Feedback,15five
Tag Management,Adobe Tag Management
Tag Management,Datalicious SuperTag
Tag Management,DoubleClick Floodlight
Tag Management,Ensighten
Tag Management,Exactag
Tag Management,Google Tag Manager
Tag Management,Qubit OpenTag
Tag Management,SearchDiscovery Satellite
Tag Management,Signal by BrightTag
Tag Management,Tag Commander
Tag Management,TagMan
Tag Management,Tealium
Tag Management,UberTags (X+1)
Tag Management,Yahoo Tag Manager
Video Advertising Networks,HippoVideo
Video Advertising Networks,AdapTV
Video Advertising Networks,Animoto
Video Advertising Networks,Brightroll
Video Advertising Networks,Coull
Video Advertising Networks,eBuzzing
Video Advertising Networks,Idomoo
Video Advertising Networks,Invodo
Video Advertising Networks,Mediabong
Video Advertising Networks,Mixpo
Video Advertising Networks,NDN
Video Advertising Networks,PointRoll
Video Advertising Networks,Selectable Media
Video Advertising Networks,Smartclip
Video Advertising Networks,SpotXchange
Video Advertising Networks,Teads
Video Advertising Networks,Treepodia
Video Advertising Networks,Tremor Video
Video Advertising Networks,TubeMogul
Video Advertising Networks,Unicorn Media
Video Advertising Networks,Unruly Media
Video Advertising Networks,Videology
Video Advertising Networks,Videoplaza
Video Advertising Networks,Virool
Video Advertising Networks,YuMe
Video Advertising Networks,Google DV360
Web Accelerators,CloudFlare
Web Accelerators,Digital Fulcrum GhostWriter
Web Accelerators,Incapsula
Web Accelerators,mod_page_speed
Web Accelerators,Page Speed Service
Web Accelerators,StrangeLoop
Web Accelerators,Webo
Web Performance Monitoring,Sentry.io
Web Performance Monitoring,Akamai RUM
Web Performance Monitoring,AlertSite by Smartbear
Web Performance Monitoring,AppDynamics
Web Performance Monitoring,Boomerang JS library
Web Performance Monitoring,Bucky
Web Performance Monitoring,Catchpoint
Web Performance Monitoring,Cedexis Radar
Web Performance Monitoring,dynaTrace
Web Performance Monitoring,Gomez
Web Performance Monitoring,Google Speed Analytics
Web Performance Monitoring,Keynote
Web Performance Monitoring,Lognormal
Web Performance Monitoring,New Relic
Web Performance Monitoring,Pingdom
Web Performance Monitoring,R17
Web Performance Monitoring,Ruxit
Web Performance Monitoring,SOASTA
Web Performance Monitoring,ThousandEyes
Web Performance Monitoring,Torbit Insight
Web Performance Monitoring,Better Uptime
Web Performance Monitoring,StatusPage IO
Web Performance Monitoring,Datadog
Web Presentation Tools,WebinarJam
Web Presentation Tools,Zoom Webinar
Web Presentation Tools,Zuddl
Web Presentation Tools,Hubilo
Web Presentation Tools,ON24
Web Presentation Tools,Demio
Web Presentation Tools,Livestorm
Web Presentation Tools,Adobe Connect
Web Presentation Tools,Brainshark
Web Presentation Tools,Brighttalk
Web Presentation Tools,Fuze
Web Presentation Tools,GoToMeeting
Web Presentation Tools,GoToWebinar
Web Presentation Tools,Knowledge Vision
Web Presentation Tools,MediaPlatform
Web Presentation Tools,Personify
Web Presentation Tools,ReadyTalk
Web Presentation Tools,Webex
Widgets,Amazon Widgets
Widgets,Angies List
Widgets,Aviary
Widgets,Bing Accredited Professional Tag
Widgets,BlueKnow
Widgets,BugHerd
Widgets,CustomerLobby
Widgets,Errorception
Widgets,Facebook Widget
Widgets,Ghostery (formerly Evidon)
Widgets,Google Play
Widgets,Google translate API
Widgets,Google translate widget
Widgets,Hellobar
Widgets,iTunes
Widgets,Kelly Blue Book Widget
Widgets,Multilingual
Widgets,PollDaddy
Widgets,Pubexchange
Widgets,Rateabiz
Widgets,Searchify
Widgets,Skype Widget
Widgets,Slimbox
Widgets,Snapwidget
Widgets,SumoMe
Widgets,SureCritic
Widgets,Tableau
Widgets,TripTease (Price Check)
Widgets,RingCentral
