Timezone (use this),label,utc
Etc/GMT+12,Etc/GMT+12(UTC-12:00),UTC-12:00
Etc/GMT+11,Etc/GMT+11(UTC-11:00),UTC-11:00
Pacific/Midway,Pacific/Midway(UTC-11:00),UTC-11:00
Pacific/Niue,Pacific/Niue(UTC-11:00),UTC-11:00
Pacific/Pago_Pago,Pacific/Pago_Pago(UTC-11:00),UTC-11:00
Etc/GMT+10,Etc/GMT+10(UTC-10:00),UTC-10:00
Pacific/Honolulu,Pacific/Honolulu(UTC-10:00),UTC-10:00
Pacific/Johnston,Pacific/Johnston(UTC-10:00),UTC-10:00
Pacific/Rarotonga,Pacific/Rarotonga(UTC-10:00),UTC-10:00
Pacific/Tahiti,Pacific/Tahiti(UTC-10:00),UTC-10:00
America/Anchorage,America/Anchorage(UTC-09:00),UTC-09:00
America/Juneau,America/Juneau(UTC-09:00),UTC-09:00
America/Nome,America/Nome(UTC-09:00),UTC-09:00
America/Sitka,America/Sitka(UTC-09:00),UTC-09:00
America/Yakutat,America/Yakutat(UTC-09:00),UTC-09:00
America/Santa_Isabel,America/Santa_Isabel(UTC-08:00),UTC-08:00
America/Los_Angeles,America/Los_Angeles(UTC-07:00),UTC-07:00
America/Tijuana,America/Tijuana(UTC-07:00),UTC-07:00
America/Vancouver,America/Vancouver(UTC-07:00),UTC-07:00
America/Tijuana,America/Tijuana(UTC-08:00),UTC-08:00
America/Vancouver,America/Vancouver(UTC-08:00),UTC-08:00
America/Creston,America/Creston(UTC-07:00),UTC-07:00
America/Dawson,America/Dawson(UTC-07:00),UTC-07:00
America/Dawson_Creek,America/Dawson_Creek(UTC-07:00),UTC-07:00
America/Hermosillo,America/Hermosillo(UTC-07:00),UTC-07:00
America/Phoenix,America/Phoenix(UTC-07:00),UTC-07:00
America/Whitehorse,America/Whitehorse(UTC-07:00),UTC-07:00
Etc/GMT+7,Etc/GMT+7(UTC-07:00),UTC-07:00
America/Chihuahua,America/Chihuahua(UTC-07:00),UTC-07:00
America/Mazatlan,America/Mazatlan(UTC-07:00),UTC-07:00
America/Boise,America/Boise(UTC-07:00),UTC-07:00
America/Cambridge_Bay,America/Cambridge_Bay(UTC-07:00),UTC-07:00
America/Denver,America/Denver(UTC-07:00),UTC-07:00
America/Edmonton,America/Edmonton(UTC-07:00),UTC-07:00
America/Inuvik,America/Inuvik(UTC-07:00),UTC-07:00
America/Ojinaga,America/Ojinaga(UTC-07:00),UTC-07:00
America/Yellowknife,America/Yellowknife(UTC-07:00),UTC-07:00
America/Belize,America/Belize(UTC-06:00),UTC-06:00
America/Costa_Rica,America/Costa_Rica(UTC-06:00),UTC-06:00
America/El_Salvador,America/El_Salvador(UTC-06:00),UTC-06:00
America/Guatemala,America/Guatemala(UTC-06:00),UTC-06:00
America/Managua,America/Managua(UTC-06:00),UTC-06:00
America/Tegucigalpa,America/Tegucigalpa(UTC-06:00),UTC-06:00
Etc/GMT+6,Etc/GMT+6(UTC-06:00),UTC-06:00
Pacific/Galapagos,Pacific/Galapagos(UTC-06:00),UTC-06:00
America/Chicago,America/Chicago(UTC-06:00),UTC-06:00
America/Indiana/Knox,America/Indiana/Knox(UTC-06:00),UTC-06:00
America/Indiana/Tell_City,America/Indiana/Tell_City(UTC-06:00),UTC-06:00
America/Matamoros,America/Matamoros(UTC-06:00),UTC-06:00
America/Menominee,America/Menominee(UTC-06:00),UTC-06:00
America/North_Dakota/Beulah,America/North_Dakota/Beulah(UTC-06:00),UTC-06:00
America/North_Dakota/Center,America/North_Dakota/Center(UTC-06:00),UTC-06:00
America/North_Dakota/New_Salem,America/North_Dakota/New_Salem(UTC-06:00),UTC-06:00
America/Rainy_River,America/Rainy_River(UTC-06:00),UTC-06:00
America/Rankin_Inlet,America/Rankin_Inlet(UTC-06:00),UTC-06:00
America/Resolute,America/Resolute(UTC-06:00),UTC-06:00
America/Winnipeg,America/Winnipeg(UTC-06:00),UTC-06:00
America/Bahia_Banderas,America/Bahia_Banderas(UTC-06:00),UTC-06:00
America/Cancun,America/Cancun(UTC-06:00),UTC-06:00
America/Merida,America/Merida(UTC-06:00),UTC-06:00
America/Mexico_City,America/Mexico_City(UTC-06:00),UTC-06:00
America/Monterrey,America/Monterrey(UTC-06:00),UTC-06:00
America/Regina,America/Regina(UTC-06:00),UTC-06:00
America/Swift_Current,America/Swift_Current(UTC-06:00),UTC-06:00
America/Bogota,America/Bogota(UTC-05:00),UTC-05:00
America/Cayman,America/Cayman(UTC-05:00),UTC-05:00
America/Coral_Harbour,America/Coral_Harbour(UTC-05:00),UTC-05:00
America/Eirunepe,America/Eirunepe(UTC-05:00),UTC-05:00
America/Guayaquil,America/Guayaquil(UTC-05:00),UTC-05:00
America/Jamaica,America/Jamaica(UTC-05:00),UTC-05:00
America/Lima,America/Lima(UTC-05:00),UTC-05:00
America/Panama,America/Panama(UTC-05:00),UTC-05:00
America/Rio_Branco,America/Rio_Branco(UTC-05:00),UTC-05:00
Etc/GMT+5,Etc/GMT+5(UTC-05:00),UTC-05:00
America/Detroit,America/Detroit(UTC-05:00),UTC-05:00
America/Havana,America/Havana(UTC-05:00),UTC-05:00
America/Indiana/Petersburg,America/Indiana/Petersburg(UTC-05:00),UTC-05:00
America/Indiana/Winamac,America/Indiana/Winamac(UTC-05:00),UTC-05:00
America/Iqaluit,America/Iqaluit(UTC-05:00),UTC-05:00
America/Kentucky/Monticello,America/Kentucky/Monticello(UTC-05:00),UTC-05:00
America/Louisville,America/Louisville(UTC-05:00),UTC-05:00
America/Montreal,America/Montreal(UTC-05:00),UTC-05:00
America/Nassau,America/Nassau(UTC-05:00),UTC-05:00
America/Nipigon,America/Nipigon(UTC-05:00),UTC-05:00
America/Pangnirtung,America/Pangnirtung(UTC-05:00),UTC-05:00
America/Port-au-Prince,America/Port-au-Prince(UTC-05:00),UTC-05:00
America/Thunder_Bay,America/Thunder_Bay(UTC-05:00),UTC-05:00
America/Toronto,America/Toronto(UTC-05:00),UTC-05:00
America/Detroit,America/Detroit(UTC-04:00),UTC-04:00
America/Havana,America/Havana(UTC-04:00),UTC-04:00
America/Indiana/Petersburg,America/Indiana/Petersburg(UTC-04:00),UTC-04:00
America/Indiana/Vincennes,America/Indiana/Vincennes(UTC-04:00),UTC-04:00
America/Indiana/Winamac,America/Indiana/Winamac(UTC-04:00),UTC-04:00
America/Iqaluit,America/Iqaluit(UTC-04:00),UTC-04:00
America/Kentucky/Monticello,America/Kentucky/Monticello(UTC-04:00),UTC-04:00
America/Louisville,America/Louisville(UTC-04:00),UTC-04:00
America/Montreal,America/Montreal(UTC-04:00),UTC-04:00
America/Nassau,America/Nassau(UTC-04:00),UTC-04:00
America/New_York,America/New York(UTC-04:00),UTC-04:00
America/Nipigon,America/Nipigon(UTC-04:00),UTC-04:00
America/Pangnirtung,America/Pangnirtung(UTC-04:00),UTC-04:00
America/Port-au-Prince,America/Port-au-Prince(UTC-04:00),UTC-04:00
America/Thunder_Bay,America/Thunder_Bay(UTC-04:00),UTC-04:00
America/Toronto,America/Toronto(UTC-04:00),UTC-04:00
America/Indiana/Marengo,America/Indiana/Marengo(UTC-05:00),UTC-05:00
America/Indiana/Vevay,America/Indiana/Vevay(UTC-05:00),UTC-05:00
America/Indianapolis,America/Indianapolis(UTC-05:00),UTC-05:00
America/Caracas,America/Caracas(UTC-04:30),UTC-04:30
America/Asuncion,America/Asuncion(UTC-04:00),UTC-04:00
America/Glace_Bay,America/Glace_Bay(UTC-04:00),UTC-04:00
America/Goose_Bay,America/Goose_Bay(UTC-04:00),UTC-04:00
America/Halifax,America/Halifax(UTC-04:00),UTC-04:00
America/Moncton,America/Moncton(UTC-04:00),UTC-04:00
America/Thule,America/Thule(UTC-04:00),UTC-04:00
Atlantic/Bermuda,Atlantic/Bermuda(UTC-04:00),UTC-04:00
America/Campo_Grande,America/Campo_Grande(UTC-04:00),UTC-04:00
America/Cuiaba,America/Cuiaba(UTC-04:00),UTC-04:00
America/Anguilla,America/Anguilla(UTC-04:00),UTC-04:00
America/Antigua,America/Antigua(UTC-04:00),UTC-04:00
America/Aruba,America/Aruba(UTC-04:00),UTC-04:00
America/Barbados,America/Barbados(UTC-04:00),UTC-04:00
America/Blanc-Sablon,America/Blanc-Sablon(UTC-04:00),UTC-04:00
America/Boa_Vista,America/Boa_Vista(UTC-04:00),UTC-04:00
America/Curacao,America/Curacao(UTC-04:00),UTC-04:00
America/Dominica,America/Dominica(UTC-04:00),UTC-04:00
America/Grand_Turk,America/Grand_Turk(UTC-04:00),UTC-04:00
America/Grenada,America/Grenada(UTC-04:00),UTC-04:00
America/Guadeloupe,America/Guadeloupe(UTC-04:00),UTC-04:00
America/Guyana,America/Guyana(UTC-04:00),UTC-04:00
America/Kralendijk,America/Kralendijk(UTC-04:00),UTC-04:00
America/La_Paz,America/La_Paz(UTC-04:00),UTC-04:00
America/Lower_Princes,America/Lower_Princes(UTC-04:00),UTC-04:00
America/Manaus,America/Manaus(UTC-04:00),UTC-04:00
America/Marigot,America/Marigot(UTC-04:00),UTC-04:00
America/Martinique,America/Martinique(UTC-04:00),UTC-04:00
America/Montserrat,America/Montserrat(UTC-04:00),UTC-04:00
America/Port_of_Spain,America/Port_of_Spain(UTC-04:00),UTC-04:00
America/Porto_Velho,America/Porto_Velho(UTC-04:00),UTC-04:00
America/Puerto_Rico,America/Puerto_Rico(UTC-04:00),UTC-04:00
America/Santo_Domingo,America/Santo_Domingo(UTC-04:00),UTC-04:00
America/St_Barthelemy,America/St_Barthelemy(UTC-04:00),UTC-04:00
America/St_Kitts,America/St_Kitts(UTC-04:00),UTC-04:00
America/St_Lucia,America/St_Lucia(UTC-04:00),UTC-04:00
America/St_Thomas,America/St_Thomas(UTC-04:00),UTC-04:00
America/St_Vincent,America/St_Vincent(UTC-04:00),UTC-04:00
America/Tortola,America/Tortola(UTC-04:00),UTC-04:00
Etc/GMT+4,Etc/GMT+4(UTC-04:00),UTC-04:00
America/Santiago,America/Santiago(UTC-04:00),UTC-04:00
Antarctica/Palmer,Antarctica/Palmer(UTC-04:00),UTC-04:00
America/St_Johns,America/St_Johns(UTC-03:30),UTC-03:30
America/Sao_Paulo,America/Sao_Paulo(UTC-03:00),UTC-03:00
America/Argentina/La_Rioja,America/Argentina/La_Rioja(UTC-03:00),UTC-03:00
America/Argentina/Rio_Gallegos,America/Argentina/Rio_Gallegos(UTC-03:00),UTC-03:00
America/Argentina/Salta,America/Argentina/Salta(UTC-03:00),UTC-03:00
America/Argentina/San_Juan,America/Argentina/San_Juan(UTC-03:00),UTC-03:00
America/Argentina/San_Luis,America/Argentina/San_Luis(UTC-03:00),UTC-03:00
America/Argentina/Tucuman,America/Argentina/Tucuman(UTC-03:00),UTC-03:00
America/Argentina/Ushuaia,America/Argentina/Ushuaia(UTC-03:00),UTC-03:00
America/Buenos_Aires,America/Buenos_Aires(UTC-03:00),UTC-03:00
America/Catamarca,America/Catamarca(UTC-03:00),UTC-03:00
America/Cordoba,America/Cordoba(UTC-03:00),UTC-03:00
America/Jujuy,America/Jujuy(UTC-03:00),UTC-03:00
America/Mendoza,America/Mendoza(UTC-03:00),UTC-03:00
America/Araguaina,America/Araguaina(UTC-03:00),UTC-03:00
America/Belem,America/Belem(UTC-03:00),UTC-03:00
America/Cayenne,America/Cayenne(UTC-03:00),UTC-03:00
America/Fortaleza,America/Fortaleza(UTC-03:00),UTC-03:00
America/Maceio,America/Maceio(UTC-03:00),UTC-03:00
America/Paramaribo,America/Paramaribo(UTC-03:00),UTC-03:00
America/Recife,America/Recife(UTC-03:00),UTC-03:00
America/Santarem,America/Santarem(UTC-03:00),UTC-03:00
Antarctica/Rothera,Antarctica/Rothera(UTC-03:00),UTC-03:00
Atlantic/Stanley,Atlantic/Stanley(UTC-03:00),UTC-03:00
Etc/GMT+3,Etc/GMT+3(UTC-03:00),UTC-03:00
America/Godthab,America/Godthab(UTC-03:00),UTC-03:00
America/Montevideo,America/Montevideo(UTC-03:00),UTC-03:00
America/Bahia,America/Bahia(UTC-03:00),UTC-03:00
America/Noronha,America/Noronha(UTC-02:00),UTC-02:00
Atlantic/South_Georgia,Atlantic/South_Georgia(UTC-02:00),UTC-02:00
Etc/GMT+2,Etc/GMT+2(UTC-02:00),UTC-02:00
America/Scoresbysund,America/Scoresbysund(UTC-01:00),UTC-01:00
Atlantic/Azores,Atlantic/Azores(UTC-01:00),UTC-01:00
Atlantic/Cape_Verde,Atlantic/Cape_Verde(UTC-01:00),UTC-01:00
Etc/GMT+1,Etc/GMT+1(UTC-01:00),UTC-01:00
Africa/Casablanca,Africa/Casablanca(UTC),UTC
Africa/El_Aaiun,Africa/El_Aaiun(UTC),UTC
America/Danmarkshavn,America/Danmarkshavn(UTC),UTC
Etc/GMT,Etc/GMT(UTC),UTC
Europe/Isle_of_Man,Europe/Isle_of_Man(UTC),UTC
Europe/Guernsey,Europe/Guernsey(UTC),UTC
Europe/Jersey,Europe/Jersey(UTC),UTC
Europe/Isle_of_Man,Europe/Isle_of_Man(UTC+01:00),UTC+01:00
Europe/Guernsey,Europe/Guernsey(UTC+01:00),UTC+01:00
Europe/Jersey,Europe/Jersey(UTC+01:00),UTC+01:00
Europe/London,Europe/London(UTC+01:00),UTC+01:00
Atlantic/Canary,Atlantic/Canary(UTC),UTC
Atlantic/Faeroe,Atlantic/Faeroe(UTC),UTC
Atlantic/Madeira,Atlantic/Madeira(UTC),UTC
Europe/Dublin,Europe/Dublin(UTC),UTC
Europe/Lisbon,Europe/Lisbon(UTC),UTC
Africa/Abidjan,Africa/Abidjan(UTC),UTC
Africa/Accra,Africa/Accra(UTC),UTC
Africa/Bamako,Africa/Bamako(UTC),UTC
Africa/Banjul,Africa/Banjul(UTC),UTC
Africa/Bissau,Africa/Bissau(UTC),UTC
Africa/Conakry,Africa/Conakry(UTC),UTC
Africa/Dakar,Africa/Dakar(UTC),UTC
Africa/Freetown,Africa/Freetown(UTC),UTC
Africa/Lome,Africa/Lome(UTC),UTC
Africa/Monrovia,Africa/Monrovia(UTC),UTC
Africa/Nouakchott,Africa/Nouakchott(UTC),UTC
Africa/Ouagadougou,Africa/Ouagadougou(UTC),UTC
Africa/Sao_Tome,Africa/Sao_Tome(UTC),UTC
Atlantic/Reykjavik,Atlantic/Reykjavik(UTC),UTC
Atlantic/St_Helena,Atlantic/St_Helena(UTC),UTC
Arctic/Longyearbyen,Arctic/Longyearbyen(UTC+01:00),UTC+01:00
Europe/Amsterdam,Europe/Amsterdam(UTC+01:00),UTC+01:00
Europe/Andorra,Europe/Andorra(UTC+01:00),UTC+01:00
Europe/Berlin,Europe/Berlin(UTC+01:00),UTC+01:00
Europe/Busingen,Europe/Busingen(UTC+01:00),UTC+01:00
Europe/Gibraltar,Europe/Gibraltar(UTC+01:00),UTC+01:00
Europe/Luxembourg,Europe/Luxembourg(UTC+01:00),UTC+01:00
Europe/Malta,Europe/Malta(UTC+01:00),UTC+01:00
Europe/Monaco,Europe/Monaco(UTC+01:00),UTC+01:00
Europe/Oslo,Europe/Oslo(UTC+01:00),UTC+01:00
Europe/Rome,Europe/Rome(UTC+01:00),UTC+01:00
Europe/San_Marino,Europe/San_Marino(UTC+01:00),UTC+01:00
Europe/Stockholm,Europe/Stockholm(UTC+01:00),UTC+01:00
Europe/Vaduz,Europe/Vaduz(UTC+01:00),UTC+01:00
Europe/Vatican,Europe/Vatican(UTC+01:00),UTC+01:00
Europe/Vienna,Europe/Vienna(UTC+01:00),UTC+01:00
Europe/Zurich,Europe/Zurich(UTC+01:00),UTC+01:00
Europe/Belgrade,Europe/Belgrade(UTC+01:00),UTC+01:00
Europe/Bratislava,Europe/Bratislava(UTC+01:00),UTC+01:00
Europe/Budapest,Europe/Budapest(UTC+01:00),UTC+01:00
Europe/Ljubljana,Europe/Ljubljana(UTC+01:00),UTC+01:00
Europe/Podgorica,Europe/Podgorica(UTC+01:00),UTC+01:00
Europe/Prague,Europe/Prague(UTC+01:00),UTC+01:00
Europe/Tirane,Europe/Tirane(UTC+01:00),UTC+01:00
Africa/Ceuta,Africa/Ceuta(UTC+01:00),UTC+01:00
Europe/Brussels,Europe/Brussels(UTC+01:00),UTC+01:00
Europe/Copenhagen,Europe/Copenhagen(UTC+01:00),UTC+01:00
Europe/Madrid,Europe/Madrid(UTC+01:00),UTC+01:00
Europe/Paris,Europe/Paris(UTC+01:00),UTC+01:00
Europe/Sarajevo,Europe/Sarajevo(UTC+01:00),UTC+01:00
Europe/Skopje,Europe/Skopje(UTC+01:00),UTC+01:00
Europe/Warsaw,Europe/Warsaw(UTC+01:00),UTC+01:00
Europe/Zagreb,Europe/Zagreb(UTC+01:00),UTC+01:00
Africa/Algiers,Africa/Algiers(UTC+01:00),UTC+01:00
Africa/Bangui,Africa/Bangui(UTC+01:00),UTC+01:00
Africa/Brazzaville,Africa/Brazzaville(UTC+01:00),UTC+01:00
Africa/Douala,Africa/Douala(UTC+01:00),UTC+01:00
Africa/Kinshasa,Africa/Kinshasa(UTC+01:00),UTC+01:00
Africa/Lagos,Africa/Lagos(UTC+01:00),UTC+01:00
Africa/Libreville,Africa/Libreville(UTC+01:00),UTC+01:00
Africa/Luanda,Africa/Luanda(UTC+01:00),UTC+01:00
Africa/Malabo,Africa/Malabo(UTC+01:00),UTC+01:00
Africa/Ndjamena,Africa/Ndjamena(UTC+01:00),UTC+01:00
Africa/Niamey,Africa/Niamey(UTC+01:00),UTC+01:00
Africa/Porto-Novo,Africa/Porto-Novo(UTC+01:00),UTC+01:00
Africa/Tunis,Africa/Tunis(UTC+01:00),UTC+01:00
Etc/GMT-1,Etc/GMT-1(UTC+01:00),UTC+01:00
Africa/Windhoek,Africa/Windhoek(UTC+01:00),UTC+01:00
Asia/Nicosia,Asia/Nicosia(UTC+02:00),UTC+02:00
Europe/Athens,Europe/Athens(UTC+02:00),UTC+02:00
Europe/Bucharest,Europe/Bucharest(UTC+02:00),UTC+02:00
Europe/Chisinau,Europe/Chisinau(UTC+02:00),UTC+02:00
Asia/Beirut,Asia/Beirut(UTC+02:00),UTC+02:00
Africa/Cairo,Africa/Cairo(UTC+02:00),UTC+02:00
Asia/Damascus,Asia/Damascus(UTC+02:00),UTC+02:00
Asia/Nicosia,Asia/Nicosia(UTC+02:00),UTC+02:00
Europe/Athens,Europe/Athens(UTC+02:00),UTC+02:00
Europe/Bucharest,Europe/Bucharest(UTC+02:00),UTC+02:00
Europe/Chisinau,Europe/Chisinau(UTC+02:00),UTC+02:00
Europe/Helsinki,Europe/Helsinki(UTC+02:00),UTC+02:00
Europe/Kiev,Europe/Kiev(UTC+02:00),UTC+02:00
Europe/Mariehamn,Europe/Mariehamn(UTC+02:00),UTC+02:00
Europe/Nicosia,Europe/Nicosia(UTC+02:00),UTC+02:00
Europe/Riga,Europe/Riga(UTC+02:00),UTC+02:00
Europe/Sofia,Europe/Sofia(UTC+02:00),UTC+02:00
Europe/Tallinn,Europe/Tallinn(UTC+02:00),UTC+02:00
Europe/Uzhgorod,Europe/Uzhgorod(UTC+02:00),UTC+02:00
Europe/Vilnius,Europe/Vilnius(UTC+02:00),UTC+02:00
Europe/Zaporozhye,Europe/Zaporozhye(UTC+02:00),UTC+02:00
Africa/Blantyre,Africa/Blantyre(UTC+02:00),UTC+02:00
Africa/Bujumbura,Africa/Bujumbura(UTC+02:00),UTC+02:00
Africa/Gaborone,Africa/Gaborone(UTC+02:00),UTC+02:00
Africa/Harare,Africa/Harare(UTC+02:00),UTC+02:00
Africa/Johannesburg,Africa/Johannesburg(UTC+02:00),UTC+02:00
Africa/Kigali,Africa/Kigali(UTC+02:00),UTC+02:00
Africa/Lubumbashi,Africa/Lubumbashi(UTC+02:00),UTC+02:00
Africa/Lusaka,Africa/Lusaka(UTC+02:00),UTC+02:00
Africa/Maputo,Africa/Maputo(UTC+02:00),UTC+02:00
Africa/Maseru,Africa/Maseru(UTC+02:00),UTC+02:00
Africa/Mbabane,Africa/Mbabane(UTC+02:00),UTC+02:00
Etc/GMT-2,Etc/GMT-2(UTC+02:00),UTC+02:00
Europe/Helsinki,Europe/Helsinki(UTC+02:00),UTC+02:00
Europe/Kiev,Europe/Kiev(UTC+02:00),UTC+02:00
Europe/Mariehamn,Europe/Mariehamn(UTC+02:00),UTC+02:00
Europe/Riga,Europe/Riga(UTC+02:00),UTC+02:00
Europe/Sofia,Europe/Sofia(UTC+02:00),UTC+02:00
Europe/Tallinn,Europe/Tallinn(UTC+02:00),UTC+02:00
Europe/Uzhgorod,Europe/Uzhgorod(UTC+02:00),UTC+02:00
Europe/Vilnius,Europe/Vilnius(UTC+02:00),UTC+02:00
Europe/Zaporozhye,Europe/Zaporozhye(UTC+02:00),UTC+02:00
Europe/Istanbul,Europe/Istanbul(UTC+03:00),UTC+03:00
Asia/Jerusalem,Asia/Jerusalem(UTC+02:00),UTC+02:00
Africa/Tripoli,Africa/Tripoli(UTC+02:00),UTC+02:00
Asia/Amman,Asia/Amman(UTC+03:00),UTC+03:00
Asia/Baghdad,Asia/Baghdad(UTC+03:00),UTC+03:00
Europe/Kaliningrad,Europe/Kaliningrad(UTC+02:00),UTC+02:00
Asia/Aden,Asia/Aden(UTC+03:00),UTC+03:00
Asia/Bahrain,Asia/Bahrain(UTC+03:00),UTC+03:00
Asia/Kuwait,Asia/Kuwait(UTC+03:00),UTC+03:00
Asia/Qatar,Asia/Qatar(UTC+03:00),UTC+03:00
Asia/Riyadh,Asia/Riyadh(UTC+03:00),UTC+03:00
Africa/Addis_Ababa,Africa/Addis_Ababa(UTC+03:00),UTC+03:00
Africa/Asmera,Africa/Asmera(UTC+03:00),UTC+03:00
Africa/Dar_es_Salaam,Africa/Dar_es_Salaam(UTC+03:00),UTC+03:00
Africa/Djibouti,Africa/Djibouti(UTC+03:00),UTC+03:00
Africa/Juba,Africa/Juba(UTC+03:00),UTC+03:00
Africa/Kampala,Africa/Kampala(UTC+03:00),UTC+03:00
Africa/Khartoum,Africa/Khartoum(UTC+03:00),UTC+03:00
Africa/Mogadishu,Africa/Mogadishu(UTC+03:00),UTC+03:00
Africa/Nairobi,Africa/Nairobi(UTC+03:00),UTC+03:00
Antarctica/Syowa,Antarctica/Syowa(UTC+03:00),UTC+03:00
Etc/GMT-3,Etc/GMT-3(UTC+03:00),UTC+03:00
Indian/Antananarivo,Indian/Antananarivo(UTC+03:00),UTC+03:00
Indian/Comoro,Indian/Comoro(UTC+03:00),UTC+03:00
Indian/Mayotte,Indian/Mayotte(UTC+03:00),UTC+03:00
Europe/Kirov,Europe/Kirov(UTC+03:00),UTC+03:00
Europe/Moscow,Europe/Moscow(UTC+03:00),UTC+03:00
Europe/Simferopol,Europe/Simferopol(UTC+03:00),UTC+03:00
Europe/Volgograd,Europe/Volgograd(UTC+03:00),UTC+03:00
Europe/Minsk,Europe/Minsk(UTC+03:00),UTC+03:00
Europe/Astrakhan,Europe/Astrakhan(UTC+04:00),UTC+04:00
Europe/Samara,Europe/Samara(UTC+04:00),UTC+04:00
Europe/Ulyanovsk,Europe/Ulyanovsk(UTC+04:00),UTC+04:00
Asia/Tehran,Asia/Tehran(UTC+03:30),UTC+03:30
Asia/Dubai,Asia/Dubai(UTC+04:00),UTC+04:00
Asia/Muscat,Asia/Muscat(UTC+04:00),UTC+04:00
Etc/GMT-4,Etc/GMT-4(UTC+04:00),UTC+04:00
Asia/Baku,Asia/Baku(UTC+04:00),UTC+04:00
Indian/Mahe,Indian/Mahe(UTC+04:00),UTC+04:00
Indian/Mauritius,Indian/Mauritius(UTC+04:00),UTC+04:00
Indian/Reunion,Indian/Reunion(UTC+04:00),UTC+04:00
Asia/Tbilisi,Asia/Tbilisi(UTC+04:00),UTC+04:00
Asia/Yerevan,Asia/Yerevan(UTC+04:00),UTC+04:00
Asia/Kabul,Asia/Kabul(UTC+04:30),UTC+04:30
Antarctica/Mawson,Antarctica/Mawson(UTC+05:00),UTC+05:00
Asia/Aqtau,Asia/Aqtau(UTC+05:00),UTC+05:00
Asia/Aqtobe,Asia/Aqtobe(UTC+05:00),UTC+05:00
Asia/Ashgabat,Asia/Ashgabat(UTC+05:00),UTC+05:00
Asia/Dushanbe,Asia/Dushanbe(UTC+05:00),UTC+05:00
Asia/Oral,Asia/Oral(UTC+05:00),UTC+05:00
Asia/Samarkand,Asia/Samarkand(UTC+05:00),UTC+05:00
Asia/Tashkent,Asia/Tashkent(UTC+05:00),UTC+05:00
Etc/GMT-5,Etc/GMT-5(UTC+05:00),UTC+05:00
Indian/Kerguelen,Indian/Kerguelen(UTC+05:00),UTC+05:00
Indian/Maldives,Indian/Maldives(UTC+05:00),UTC+05:00
Asia/Yekaterinburg,Asia/Yekaterinburg(UTC+05:00),UTC+05:00
Asia/Karachi,Asia/Karachi(UTC+05:00),UTC+05:00
Asia/Kolkata,Asia/Kolkata(UTC+05:30),UTC+05:30
Asia/Calcutta,Asia/Calcutta(UTC+05:30),UTC+05:30
Asia/Colombo,Asia/Colombo(UTC+05:30),UTC+05:30
Asia/Kathmandu,Asia/Kathmandu(UTC+05:45),UTC+05:45
Antarctica/Vostok,Antarctica/Vostok(UTC+06:00),UTC+06:00
Asia/Almaty,Asia/Almaty(UTC+06:00),UTC+06:00
Asia/Bishkek,Asia/Bishkek(UTC+06:00),UTC+06:00
Asia/Qyzylorda,Asia/Qyzylorda(UTC+06:00),UTC+06:00
Asia/Urumqi,Asia/Urumqi(UTC+06:00),UTC+06:00
Etc/GMT-6,Etc/GMT-6(UTC+06:00),UTC+06:00
Indian/Chagos,Indian/Chagos(UTC+06:00),UTC+06:00
Asia/Dhaka,Asia/Dhaka(UTC+06:00),UTC+06:00
Asia/Thimphu,Asia/Thimphu(UTC+06:00),UTC+06:00
Asia/Rangoon,Asia/Rangoon(UTC+06:30),UTC+06:30
Indian/Cocos,Indian/Cocos(UTC+06:30),UTC+06:30
Antarctica/Davis,Antarctica/Davis(UTC+07:00),UTC+07:00
Asia/Bangkok,Asia/Bangkok(UTC+07:00),UTC+07:00
Asia/Hovd,Asia/Hovd(UTC+07:00),UTC+07:00
Asia/Jakarta,Asia/Jakarta(UTC+07:00),UTC+07:00
Asia/Phnom_Penh,Asia/Phnom_Penh(UTC+07:00),UTC+07:00
Asia/Pontianak,Asia/Pontianak(UTC+07:00),UTC+07:00
Asia/Saigon,Asia/Saigon(UTC+07:00),UTC+07:00
Asia/Vientiane,Asia/Vientiane(UTC+07:00),UTC+07:00
Etc/GMT-7,Etc/GMT-7(UTC+07:00),UTC+07:00
Indian/Christmas,Indian/Christmas(UTC+07:00),UTC+07:00
Asia/Novokuznetsk,Asia/Novokuznetsk(UTC+07:00),UTC+07:00
Asia/Novosibirsk,Asia/Novosibirsk(UTC+07:00),UTC+07:00
Asia/Omsk,Asia/Omsk(UTC+07:00),UTC+07:00
Asia/Hong_Kong,Asia/Hong_Kong(UTC+08:00),UTC+08:00
Asia/Macau,Asia/Macau(UTC+08:00),UTC+08:00
Asia/Shanghai,Asia/Shanghai(UTC+08:00),UTC+08:00
Asia/Krasnoyarsk,Asia/Krasnoyarsk(UTC+08:00),UTC+08:00
Asia/Brunei,Asia/Brunei(UTC+08:00),UTC+08:00
Asia/Kuala_Lumpur,Asia/Kuala_Lumpur(UTC+08:00),UTC+08:00
Asia/Kuching,Asia/Kuching(UTC+08:00),UTC+08:00
Asia/Makassar,Asia/Makassar(UTC+08:00),UTC+08:00
Asia/Manila,Asia/Manila(UTC+08:00),UTC+08:00
Asia/Singapore,Asia/Singapore(UTC+08:00),UTC+08:00
Etc/GMT-8,Etc/GMT-8(UTC+08:00),UTC+08:00
Antarctica/Casey,Antarctica/Casey(UTC+08:00),UTC+08:00
Australia/Perth,Australia/Perth(UTC+08:00),UTC+08:00
Asia/Taipei,Asia/Taipei(UTC+08:00),UTC+08:00
Asia/Choibalsan,Asia/Choibalsan(UTC+08:00),UTC+08:00
Asia/Ulaanbaatar,Asia/Ulaanbaatar(UTC+08:00),UTC+08:00
Asia/Irkutsk,Asia/Irkutsk(UTC+08:00),UTC+08:00
Asia/Dili,Asia/Dili(UTC+09:00),UTC+09:00
Asia/Jayapura,Asia/Jayapura(UTC+09:00),UTC+09:00
Asia/Tokyo,Asia/Tokyo(UTC+09:00),UTC+09:00
Etc/GMT-9,Etc/GMT-9(UTC+09:00),UTC+09:00
Pacific/Palau,Pacific/Palau(UTC+09:00),UTC+09:00
Asia/Pyongyang,Asia/Pyongyang(UTC+09:00),UTC+09:00
Asia/Seoul,Asia/Seoul(UTC+09:00),UTC+09:00
Australia/Adelaide,Australia/Adelaide(UTC+09:30),UTC+09:30
Australia/Broken_Hill,Australia/Broken_Hill(UTC+09:30),UTC+09:30
Australia/Darwin,Australia/Darwin(UTC+09:30),UTC+09:30
Australia/Brisbane,Australia/Brisbane(UTC+10:00),UTC+10:00
Australia/Lindeman,Australia/Lindeman(UTC+10:00),UTC+10:00
Australia/Melbourne,Australia/Melbourne(UTC+10:00),UTC+10:00
Australia/Sydney,Australia/Sydney(UTC+10:00),UTC+10:00
Antarctica/DumontDUrville,Antarctica/DumontDUrville(UTC+10:00),UTC+10:00
Etc/GMT-10,Etc/GMT-10(UTC+10:00),UTC+10:00
Pacific/Guam,Pacific/Guam(UTC+10:00),UTC+10:00
Pacific/Port_Moresby,Pacific/Port_Moresby(UTC+10:00),UTC+10:00
Pacific/Saipan,Pacific/Saipan(UTC+10:00),UTC+10:00
Pacific/Truk,Pacific/Truk(UTC+10:00),UTC+10:00
Australia/Currie,Australia/Currie(UTC+10:00),UTC+10:00
Australia/Hobart,Australia/Hobart(UTC+10:00),UTC+10:00
Asia/Chita,Asia/Chita(UTC+09:00),UTC+09:00
Asia/Khandyga,Asia/Khandyga(UTC+09:00),UTC+09:00
Asia/Yakutsk,Asia/Yakutsk(UTC+09:00),UTC+09:00
Antarctica/Macquarie,Antarctica/Macquarie(UTC+11:00),UTC+11:00
Etc/GMT-11,Etc/GMT-11(UTC+11:00),UTC+11:00
Pacific/Efate,Pacific/Efate(UTC+11:00),UTC+11:00
Pacific/Guadalcanal,Pacific/Guadalcanal(UTC+11:00),UTC+11:00
Pacific/Kosrae,Pacific/Kosrae(UTC+11:00),UTC+11:00
Pacific/Noumea,Pacific/Noumea(UTC+11:00),UTC+11:00
Pacific/Ponape,Pacific/Ponape(UTC+11:00),UTC+11:00
Asia/Sakhalin,Asia/Sakhalin(UTC+11:00),UTC+11:00
Asia/Ust-Nera,Asia/Ust-Nera(UTC+11:00),UTC+11:00
Asia/Vladivostok,Asia/Vladivostok(UTC+11:00),UTC+11:00
Antarctica/McMurdo,Antarctica/McMurdo(UTC+12:00),UTC+12:00
Pacific/Auckland,Pacific/Auckland(UTC+12:00),UTC+12:00
Etc/GMT-12,Etc/GMT-12(UTC+12:00),UTC+12:00
Pacific/Funafuti,Pacific/Funafuti(UTC+12:00),UTC+12:00
Pacific/Kwajalein,Pacific/Kwajalein(UTC+12:00),UTC+12:00
Pacific/Majuro,Pacific/Majuro(UTC+12:00),UTC+12:00
Pacific/Nauru,Pacific/Nauru(UTC+12:00),UTC+12:00
Pacific/Tarawa,Pacific/Tarawa(UTC+12:00),UTC+12:00
Pacific/Wake,Pacific/Wake(UTC+12:00),UTC+12:00
Pacific/Wallis,Pacific/Wallis(UTC+12:00),UTC+12:00
Pacific/Fiji,Pacific/Fiji(UTC+12:00),UTC+12:00
Asia/Anadyr,Asia/Anadyr(UTC+12:00),UTC+12:00
Asia/Kamchatka,Asia/Kamchatka(UTC+12:00),UTC+12:00
Asia/Magadan,Asia/Magadan(UTC+12:00),UTC+12:00
Asia/Srednekolymsk,Asia/Srednekolymsk(UTC+12:00),UTC+12:00
Asia/Kamchatka,Asia/Kamchatka(UTC+12:00),UTC+12:00
Etc/GMT-13,Etc/GMT-13(UTC+13:00),UTC+13:00
Pacific/Enderbury,Pacific/Enderbury(UTC+13:00),UTC+13:00
Pacific/Fakaofo,Pacific/Fakaofo(UTC+13:00),UTC+13:00
Pacific/Tongatapu,Pacific/Tongatapu(UTC+13:00),UTC+13:00
Pacific/Apia,Pacific/Apia(UTC+13:00),UTC+13:00